,title,link,description,bloggername,bloggerlink,postdate
0,"강남 언주역카페 <b>이디야</b> 커피랩, 주차 편한 카페 다녀왔어요~♪",https://blog.naver.com/aveav2317?Redirect=Log&logNo=222833973767,안녕하세요 ^^ 청주 후한의원입니다 오늘은 언주역에 위치한 <b>이디야</b>커피 본점에 다녀온 후기를 작성해보려 합니다 :) 언주역카페 <b>이디야</b>커피랩은 서울 강남구 논현로 <b>이디야</b>빌딩에 위치해있고 <b>이디야</b> 본사이자... ,후한의원 청주점,https://blog.naver.com/aveav2317,20220729
1,괜찮았던 <b>이디야</b> 메뉴 추천,https://blog.naver.com/brightenedu?Redirect=Log&logNo=222760670159,가끔씩 마시는 <b>이디야</b> 메뉴 중에 몇 가지를 추천해 볼까 하는데요. 에스프레소에 부드러운 크림을... 이러한 기존의 <b>이디야</b> 메뉴 외 한정 판매 시즌 음료는 배너를 통해 알 수 있으니 차근히 살펴보시면... ,김원장의 탐구생활,https://blog.naver.com/brightenedu,20220605
2,벚꽃 피는 4월에 딱 좋은 <b>이디야</b> 생딸기 와플 후기,https://nohji.com/4667?category=313585,있는 <b>이디야</b>로― 그동안 광고판에서만 보고 있던 메뉴를 한번 주문해서 먹어보기로 했다. ▲ <b>이디야</b> 김해 시청점 아마 <b>이디야</b>만 아니라 다른 카페 프랜차이즈 지점과 다양한 스낵 브랜드에서 3~4월이 된다면 봄을... ,노지의 소박한 이야기,https://nohji.com/,20220410
3,<b>이디야</b> 서오릉점 1인 팥빙수 맛있당,https://blog.naver.com/ioyungoi?Redirect=Log&logNo=222813970506,하면서 <b>이디야</b> 서오릉점 고고싱했습니다. 기분이 너무 안좋은 상태라서 아직도 진정이 되진 않지만... 차라리 고양시가 이렇게 맘 편함 <b>이디야</b> 서오릉점은 집갈 때 지나가다가 건물을 뚝딱뚝딱 짓고있는걸... ,토얌의 달콤살벌내블로그,https://blog.naver.com/ioyungoi,20220716
4,<b>이디야</b> 메뉴 빙수 1인 포장과 수박주스,https://blog.naver.com/love2dong?Redirect=Log&logNo=222803562944,<b>이디야</b> 메뉴 빙수 1인 포장과 수박주스 매일 7:30분-23시 (일요일 8시 오픈) Tel: 070-7767-2328 주차 가능 요즘 날씨 정말 무덥죠! 어제 퇴근길엔 시원한 디저트 맛보러 <b>이디야</b>에 들렀어요. 메뉴 살펴보면서 빙수 1인... ,오늘도 Sweet 하게❤,https://blog.naver.com/love2dong,20220707
5,서울구경 :: <b>이디야</b>커피랩에 다녀왔어요 <b>이디야</b>커피 강남카페,https://blog.naver.com/babypotato?Redirect=Log&logNo=222809931600,싶었던 <b>이디야</b>커피랩 을 가보기로하고 강남역에서 도보로 10여분정도 걸어가니 (길잘알 친구따라 졸졸 쫓아갔지요ㅋㅋ) 으리으리한 <b>이디야</b>커피랩건물이 보이더라구요^^ <b>이디야</b>커피랩 서울 강남구 언주로 85길... ,All is well ❤️,https://blog.naver.com/babypotato,20220713
6,<b>이디야</b> 북한강점 - 아이와 가기 좋은 남양주카페,https://blog.naver.com/rosy0001?Redirect=Log&logNo=222812627377,겸 <b>이디야</b> 북한강점에 왔어요!! 키즈공간이 있어서 어른들은 음료 마시며 쉴 수 있고 아이들은 신나게... 뚜찌씨 임신했을 때 펜션으로 여행 다녀오면서 집에 가는 길에 아쉬워서 들렸던 <b>이디야</b> 북한강점!! 거의... ,바날희님 블로그,https://blog.naver.com/rosy0001,20220715
7,경기 광주 신상 카페 <b>이디야</b>커피 광주역동점,https://blog.naver.com/hanyong386?Redirect=Log&logNo=222832753031,싶었는데 <b>이디야</b>가 오픈했어요. 기왕이면 체인점이 아닌 개성 있는 카페가 생겼으면 했었는데 아주 조금 아쉬웠어요. 규모는 제가 갔던 <b>이디야</b> 중 가장 규모가 큰 것 같습니다. good~ -접근성(버스정류장 1분... ,DOLLLAND,https://blog.naver.com/hanyong386,20220728
8,"<b>이디야</b>1인빙수, 파리바게트 빙수, 투썸플레이스 빙수 3종... ",https://blog.naver.com/oyj10244?Redirect=Log&logNo=222834249940,"후기입니다:) <b>이디야</b> 1인빙수 / 파리바게트 빙수 / 투썸플레이스 빙수 2022 여름 빙수 비교 개인적인 취향, 매장별로 퀄리티가 다를 수 있으니 꼭 꼭 참고하시길 바라요! &lt;&lt;<b>이디야</b>1인빙수&gt;&gt; <b>이디야</b>에서도 빙수가... ",Foodie 주주의 먹부림인생,https://blog.naver.com/oyj10244,20220730
9,<b>이디야</b>커피랩 : 논현동 언주역 카페 (주차 가능),https://blog.naver.com/daesuk217?Redirect=Log&logNo=222770965085,"논현동 언주역 카페 <b>이디야</b>커피랩 <b>이디야</b> 본사가 있는 <b>이디야</b>커피랩을 방문했습니다. 저가 브랜드라는 이미지가 강한 <b>이디야</b>인데, <b>이디야</b>커피랩은 다릅니다. 고급 져요. 발렛도 해줍니다. 논현동 언주역 카페... ",블루진의 기적노트,https://blog.naver.com/daesuk217,20220613
10,"학동역 카페 / <b>이디야</b> 커피 랩, 스페셜티 커피를 만날 수 있는... ",https://blog.naver.com/bright_kwon?Redirect=Log&logNo=222817183664,"<b>이디야</b> 커피랩, <b>이디야</b>에서 만나는 스페셜티 커피, 베이커리 카페 (학동역 카페) <b>이디야</b> 커피랩은 <b>이디야</b> 본사에 위치하고 있다. 1, 2층을 대형 베이커리 카페로 만들었는데, 일반적인 <b>이디야</b>와는 다른 메뉴와... ","★ 이상하고 멋진 나라의 리뷰어, 앨리스 :)",https://blog.naver.com/bright_kwon,20220718
11,부산 민락수변공원 산책 후 <b>이디야</b> 음료 한잔 호로록~^^,https://blog.naver.com/051002hsb?Redirect=Log&logNo=222838497432,부산 묵은 사진 방출 2탄 민락수변공원 산책 &amp; <b>이디야</b> 방문 묵히기 아까운 추억을 핑계로 또다시 오래된... 발견한 <b>이디야</b>!! 얼마나 반갑던지 시설이고 뭐고 따질새도 없이 무작정 궈궈했어요 근데 입구 앞에... ,be true,https://blog.naver.com/051002hsb,20220803
12,[창원돌돌e컵] 사용후기 / 어플사용방법 / <b>이디야</b>커피창원상남... ,https://blog.naver.com/fordai?Redirect=Log&logNo=222815742773,현재) 상남동 : 유동커피 창원상남점 / 카페코지 창원상남점 / 커피마마퀸 창원상남점 / 카페051 상남분수점 / 드롭탑 창원상남점 / <b>이디야</b>커피 창원상남햇살점 / <b>이디야</b>커피 창원상남중앙점 / 더벤티... ,오늘과 내일 사이,https://blog.naver.com/fordai,20220717
13,춘천 카페 소양강 <b>이디야</b> @ 내가 알던 <b>이디야</b>가 아님,https://blog.naver.com/yunamaro?Redirect=Log&logNo=222796351500,"춘천카페 <b>이디야</b> 소양강점 며칠 전 춘천에 짧게 나들이를 다녀왔는데요! 춘천에 나름 오랜시간 거주를... 춘천까지 와서 웬 <b>이디야</b>냐,,하겠지만 (저도 그랬어요..ㅎㅎㅎㅎㅎㅎㅎㅎ) 춘천 사는 친구가 추천해준... ",오늘의 여행♩,https://blog.naver.com/yunamaro,20220701
14,내돈내산! 컴포즈/더벤티/하삼동/빽다방/<b>이디야</b> &quot;아샷추&quot; 비교,https://blog.naver.com/gojeeny?Redirect=Log&logNo=222819502918,<b>이디야</b> 가격 3000원 (아샷추라는 메뉴는 따로없고 복숭아 아이스티에 샷추가 500원하면 됨) 여기는 아이스티가 2500원이라서 500원 추가해서 3000원임! 맛 ❤️❤️❤️❤️ 검색해봤을때 <b>이디야</b>커피 아샷추가... ,"창원소품샵&카페, 아임파인땡큐",https://blog.naver.com/gojeeny,20220719
15,[대구/<b>이디야</b>연경점] 공부하기 좋은 카페 <b>이디야</b>연경점에... ,https://blog.naver.com/lady621?Redirect=Log&logNo=222786896784,"이번주 수요일에(22일) 티데이 <b>이디야</b>음료 할인을 해서 <b>이디야</b>에 들렀어요~ 수박주스, 토마토주스 50프로 할인이래서 저렴하게 음료마시면서 책보려고 방문했던 <b>이디야</b> (<b>이디야</b>앱에 가입을 하려는데 에러가... ",소소니의 기록 공간 ♬,https://blog.naver.com/lady621,20220624
16,논현동카페 <b>이디야</b>커피랩 새벽까지하는 강남대형카페,https://blog.naver.com/bazamss?Redirect=Log&logNo=222811216691,"강남 한복판 분위기좋은 대형카페 <b>이디야</b>커피의 고급버전 ‘논현동 <b>이디야</b>커피랩’ 서울 강남구 논현로 636 <b>이디야</b>빌딩 언주역 3번출구에서 289m 02-545-6467 주차기본 2시간 발렛 3,000원 추가 10분당 1,000원 월-일... ",빛나는 일상을 위해 :),https://blog.naver.com/bazamss,20220714
17,경기도 카페 수영장 아이와함께 당일 물놀이 양주 <b>이디야</b>,https://blog.naver.com/beany99?Redirect=Log&logNo=222801678591,집에서 10분거리에 물놀이장이 있다는건 행운이쥬~~ 경기도라 가능한 까페 수영장 물놀이하러 양주 <b>이디야</b> 회정중앙점으로 고고고고고고고곡~!! 주차장에서 본 <b>이디야</b> 수영장 주차를하고 카페쪽으로 가면 요런... ,설레이는오늘,https://blog.naver.com/beany99,20220706
18,춘천 전망좋은 카페 의암호강변이 보이는 <b>이디야</b>,https://blog.naver.com/liveadm?Redirect=Log&logNo=222834150671,보이길래 <b>이디야</b>에 갔는데 바로 앞 의암호 강변이 있어서 짧지만 힐링할 수 있었어요 <b>이디야</b> 춘천의암호점은 야외 정원이 있어서 좀더 특별한 시간을 보낼 수 있어요 아이들은 야외 정원을 이용할 수 없어서... ,영쓰와 은쓰 Story ~ ☆,https://blog.naver.com/liveadm,20220729
19,<b>이디야</b>커피에서 파는 루메나 미니 써쿨레이터 무선 충전 선풍기,https://blog.naver.com/kangho1999?Redirect=Log&logNo=222807905177,미니 선풍기라는데 <b>이디야</b>커피점에서 판매한다고 한다. 가격은 2만7천원이라고 하는것 같은데? 인터넷... <b>이디야</b>커피 로고가 딱! 물파스로 지워질것 같은데 굳이 지울필요가 있을까 싶다. 스타벅스 로고도 잘... ,ID:workerant,https://blog.naver.com/kangho1999,20220711
20,북한강 무료키즈카페 <b>이디야</b> 북한강점 아이랑,https://blog.naver.com/dony_zzang?Redirect=Log&logNo=222689507984,북한강 무료키즈카페 <b>이디야</b> 북한강점 아이랑 다녀왔어요~~ 요즘 날씨가 좋아서인지 북한강으로... 북한강 무료키즈카페가 있는 <b>이디야</b> 북한강점 찾아가봤어요. 아기가 있다면 아무래도 놀이방이 있으면 좀... ,돈블리네 소소한 일상 ♡,https://blog.naver.com/dony_zzang,20220402
21,콤부차 처음 마셔봄 - <b>이디야</b> 콤부차 청포도레몬,https://blog.naver.com/ortln2002?Redirect=Log&logNo=222798640892,프랜차이즈 카페 중에서 <b>이디야</b>를 애용한다. 그래서 <b>이디야</b> 앱도 다운 받아쓰고 있는데 가끔 할인 쿠폰이 생기고는 한다. 그런데 한 번도 사용해 본 적이 없다. 쓸 일이 없었다고 해야 하나 ㅋㅋㅋㅋㅋ 그러다... ,쏠작가의 쏠포토그래피,https://blog.naver.com/ortln2002,20220711
22,[강원도] 춘천 온의동 카페 - <b>이디야</b> 포레스트점,https://blog.naver.com/sunzzangv?Redirect=Log&logNo=222778716215,<b>이디야</b>커피 춘천 포레스트점 춘천엔 카페가 정말 많다. 그냥 춘천에 사니까 많다고 느낄 수 있지만 그중 특히 정말 놀랍다고 느끼는 건 <b>이디야</b>커피가 정말 여러 형태로 크고 넓고 좋다. 오늘 다녀온 곳은... ,"모든날, 그 작은 이야기",https://blog.naver.com/sunzzangv,20220618
23,경주국립박물관 <b>이디야</b> 커피,https://blog.naver.com/yunju1209?Redirect=Log&logNo=222800178329,<b>이디야</b> 커피 국립경주 박물관점 경북 경주시 일정로 186 2층 영업시간 평일 09:30-18:00 토일 09:30-19:00 정말... 박물관을 둘러본 후 아이들 땀 식히기 위해 <b>이디야</b> 커피에 들렀다 . 이번 경주 여행은 담이와 친구... ,MUSEMUSE,https://blog.naver.com/yunju1209,20220705
24,핸드드립커피/ <b>이디야</b> 핸드드립 커피 페르소나 블렌드,https://blog.naver.com/birthday7725?Redirect=Log&logNo=222793669694,이 카페인 프렌드에게서 며칠 전에 선물받은 '<b>이디야</b> 핸드드립 커피 페르소나 블렌드'는 드립백... 싶은 타이밍에 선물받은 <b>이디야</b> 핸드드립 커피. 평일 하루 한 봉씩 뜯고 있어 즐거운 한 주가 예약된 상태에요.... ,나의 하루와 고양이의 하루,https://blog.naver.com/birthday7725,20220629
25,<b>이디야</b> 민트 초콜릿 칩 플랫치노 &amp; 민트 초코 생크림 카스테라,https://blog.naver.com/heejunrice?Redirect=Log&logNo=222818658085,쉬는날에는 집 밖으로 어지간하면 안나가는 집순이인 제가 민초라면 움직이게 되더라고요 ㅋㅋㅋ 오늘은 <b>이디야</b> 민초 제품 리뷰를 해볼게요! 저저번달에 <b>이디야</b>에서 보라가 사준 민트 초콜릿 칩 플랫치노를... ,하고싶은거 다하고 살기,https://blog.naver.com/heejunrice,20220719
26,"원준이 엉덩이빵, <b>이디야</b> 망고눈꽃빙수, 파바 케이크",https://blog.naver.com/1chobits1?Redirect=Log&logNo=222838581765,"<b>이디야</b> 망고 눈꽃빙수 여름때면 한번씩 사먹는 <b>이디야</b> 망고 눈꽃빙수 아이스크림 추가해서 12,500원 이었던 것 같아요. 망고가 크고 많아서 좋음. 아이스크림 추가해야 양이 모자르지 않아요. 망고 시럽 얹어먹음... ",★ 빵떡꿀떡과 곰선비 이야기 ★,https://blog.naver.com/1chobits1,20220803
27,"<b>이디야</b> 베스트메뉴 토피넛라떼, 메이플 넛 브레드",https://blog.naver.com/sweatsj77?Redirect=Log&logNo=222801601908,오늘은 제가 자주 가는 <b>이디야</b>에서 베스트메뉴인 토피넛라떼와 메이플 넛 브레드까지 먹고 와서... <b>이디야</b>에서 무슨 메뉴를 가장 좋아하시나요!? 저는 <b>이디야</b>를 10번 가면 8번은 토피넛라떼를 마실 정도로... ,HAPPIEST STORY♡,https://blog.naver.com/sweatsj77,20220706
28,<b>이디야</b> 여수돌산우두리점_까르보나라 구운 주먹밥&amp;매콤 로제... ,https://blog.naver.com/eunam0617?Redirect=Log&logNo=222834140775,여수 돌산 세아네 과일&amp;카페 예약하고 대기하면서 <b>이디야</b> 돌산점을 다녀왔습니다! ▼▼▼<b>이디야</b> 여수돌산우두리점 주변 생과일빙수 전문점 다녀온 링크도 확인해주세여 &amp; 돌산으로 가는 길&amp;<b>이디야</b>... ,재교이의 먹부림 챱챱,https://blog.naver.com/eunam0617,20220729
29,"<b>이디야</b> 커피 디저트 추천, 꾸덕하고 깊은 맛 데블스초코케이크... ",https://blog.naver.com/artist_pj?Redirect=Log&logNo=222834831289,"#<b>이디야</b>커피 #<b>이디야</b>디저트 #데블스초코케이크 #데블스초코케이크칼로리 더 현대랑 IFC몰 세일 쇼핑 가기전에 들리는 <b>이디야</b> 커피, 한적하고 조용하고 사람도 없고 이럴 때는 블로깅이죠 ㅎㅎ <b>이디야</b>는 한 번도... ",studio,https://blog.naver.com/artist_pj,20220730
30,급순천행 저녁  순천호수공원 순천소코아 <b>이디야</b>추억,https://blog.naver.com/by7797?Redirect=Log&logNo=222816267386,"노래하는 분수도 간만에 춤추고 조용했던 호수공원이 버스킹으로 생기도 돌고.. 좀 걷다가 근처 <b>이디야</b>에서 간만에 커피한잔 .,한동안 커피끊었는데 오랜만에 마시니 꿀맛이구나~~ <b>이디야</b>추억?에 잠시 빠져본다~",지나의 보물창고,https://blog.naver.com/by7797,20220717
31,<b>이디야</b> 여름 메뉴 팥빙수 팥인절미 1인빙수,https://blog.naver.com/jseonggyun?Redirect=Log&logNo=222834159786,오늘은 <b>이디야</b>의 &lt;팥인절미 1인빙수&gt;를 소개하려고 하는데요. 사진 개수는 적어도 소개를 안 하기에는 너무 맛있게 먹고 와서 ㅋㅋㅋ 이런 메뉴도 있다 하고 간단히나마 소개해보려 합니다. <b>이디야</b> 커피... ,뽀동이의 유쾌한 정보공간~♬,https://blog.naver.com/jseonggyun,20220729
32,<b>이디야</b> 달고나라떼 당을 심하게 채우고 싶을 때,https://blog.naver.com/ohmok9531?Redirect=Log&logNo=222826503804,<b>이디야</b> 달고나라떼 당을 심하게 채우고 싶을 때 <b>이디야</b>가 주변에 많아서 가끔 들르게 되는데 이날은 아메리카노가 아닌 아주 달달한 메뉴를 선택했습니다. 이름만 들어도 달콤함이 느껴지는 달고나라떼입니다.... ,오목의 체험공간,https://blog.naver.com/ohmok9531,20220725
33,<b>이디야</b>커피랩 사과당근주스,https://blog.naver.com/yunji0203?Redirect=Log&logNo=222804647751,간만에 찾은 <b>이디야</b>커피랩 언주역 인근~ 역시나 손님이 많았는데 2층은 의외로 조용해서 찰칵 이 자리로... 기존 <b>이디야</b>와 메뉴가 다르다고 ㅜㅜ 프리미엄 라인이 추가로 있는 줄 알았지 메뉴가 다를줄이야... ,당신이 왜 날 사랑하지 않겠어,https://blog.naver.com/yunji0203,20220708
34,<b>이디야</b> 1인빙수 딸기피치요거놀라 사이즈 귀여워,https://blog.naver.com/dkfhadlclsrn?Redirect=Log&logNo=222811419328,보니 <b>이디야</b>에는 1인용 빙수가 있더라고요 물론 일반 빙수로 눈꽃빙수도 있고 맛보기로 1인빙수가 있는... 있는 <b>이디야</b>의 가판대ㅋㅋ 이렇게 많은 종류를 갖가지 팔줄은 몰랐는데 오랜만에 오니까 별걸 다 보네요... ,일치의 소소한 일상 블로그,https://blog.naver.com/dkfhadlclsrn,20220714
35,<b>이디야</b>커피 - 신상 수박주스/ 초코칩 머핀,https://blog.naver.com/dksork03?Redirect=Log&logNo=222770042998,&lt;&lt; 캐시워크 포인트도 쓸겸 <b>이디야</b>커피에 다녀왔다. &lt;&lt; 충남에서 나온 토마토와 수박을 이용한 주스가... #<b>이디야</b>커피 #<b>이디야</b>신메뉴 #<b>이디야</b>수박수즈 #<b>이디야</b>커피수박주스 #<b>이디야</b>커피초코칩머핀 #용정동... ,에너자이저를 등에 짊어지고 힘차게.,https://blog.naver.com/dksork03,20220612
36,가성비 좋은 커피를 먹고싶다면. <b>이디야</b> 남양주팔당한강점.,https://blog.naver.com/wantawake?Redirect=Log&logNo=222808020817,혼자 털래털래 다녀올 카페를 찾는중에 <b>이디야</b>를 발견하게 되었어요 ! <b>이디야</b>는 싸겠지 하면서 방문했던 남양주팔당한강점 <b>이디야</b> ! 소개해드릴게요 ! <b>이디야</b> 남양주팔당한강점 #<b>이디야</b>커피 #팔당카페... ,찬&apos;s매일,https://blog.naver.com/wantawake,20220712
37,<b>이디야</b> 자몽 플랫치노 가격 3800원,https://blog.naver.com/mywholoveme?Redirect=Log&logNo=222755601018,#<b>이디야</b> #<b>이디야</b>커피 #<b>이디야</b>1인빙수 #<b>이디야</b>자몽플랫치노 안녕하세요. 띠아모입니다. 선거는 잘 하셨나요? 이번달에는 선거날과 현충일이 평일에 있다보니 아이가 유치원을 가지 않는 날이 두번이나 있네요... ,『 Ti-amo 』하루하루 소중해,https://blog.naver.com/mywholoveme,20220602
38,<b>이디야</b> 커피&lt;촬영소사거리점&gt;동대문구 장안동:민트 초코... ,https://blog.naver.com/flagbox?Redirect=Log&logNo=222813021662,"<b>이디야</b> 촬영소사거리점은 장안동의 병원이 많은 곳에 위치하고 있어, 오전에 방문해도 매장 안에는 손님들이 제법 있습니다 <b>이디야</b> 커피를 좋아하여 전에는 많이 다녔어요 하지만 빽다방이나 컴포즈 커피가... ",▲●애플●▲,https://blog.naver.com/flagbox,20220718
39,<b>이디야</b> 커피 팥 인절미 딸기 망고 빙수,https://blog.naver.com/samulchung?Redirect=Log&logNo=222836814036,오늘은 <b>이디야</b> 팥빙수를 리뷰해 보겠습니다 뭔가 여름휴가 관련 포스터가 있네요 궁금하시면 한번... ㅎㅎ #쉼터 #팥 #망고 #과일 #녹차 #인절미 #스노우 #연유 #이디아 #<b>이디야</b> #커피 #빙수 #딸기 #가성비 #여름... ,청연 토탈 홈 케어 서비스,https://blog.naver.com/samulchung,20220801
40,군포시카페) <b>이디야</b>커피에서 딸기치즈 빙수 먹고 왔어요.,https://blog.naver.com/withbicycle?Redirect=Log&logNo=222779742778,이런 입간판을 발견하고 발을 멈추고 <b>이디야</b>커피 매장 안으로 아이들과 안으로 입장완료 크크크. ‼️ 저희 동네에 새로 생긴 <b>이디야</b>커피 매장 안입니다. 전에 무한리필 고기집이라서 크기가 작지 않은 공간에... ,아이들과 일상 캠핑 휴양림 투어. 그리고 행복한 인생,https://blog.naver.com/withbicycle,20220619
41,<b>이디야</b> 수박주스 팥인절미 1인 빙수,https://blog.naver.com/rira8989?Redirect=Log&logNo=222824273634,얼마전 메가커피 수박주스 포스팅을 했는데 이웃님께서 <b>이디야</b> 수박주스가 맛있다고 하셔서 이번엔 <b>이디야</b>껄로 먹어봤어요 ㅎㅎ 제가 평소에 팥빙수도 좋아하는데 팥인절미 1인 빙수도 있길래 여름에 잘... ,리라리:)언제나 변함없이,https://blog.naver.com/rira8989,20220722
42,집에서 먹는 홈카페 <b>이디야</b> 비니스트 오리지널,https://blog.naver.com/kpi0320?Redirect=Log&logNo=222776046106,사무실이나 집에서 대표적으로 많이 보이는게 카누랑 <b>이디야</b> 루나 커피인데요 저는 <b>이디야</b> 비니스트 오리지널을 가져왔어요 1박스에 130개로 저는 2박스가 한묶음인 제품을 시켰습니다. 260개 맞죠잉! 저는... ,히뽀의 궁금증 해결하기,https://blog.naver.com/kpi0320,20220625
43,<b>이디야</b>커피 신메뉴! (<b>이디야</b> 동해천곡점),https://blog.naver.com/needu0511?Redirect=Log&logNo=222757090973,"그날 갔던 <b>이디야</b>커피 리뷰 입니다. <b>이디야</b> 동해천곡점은 천장이 노옵고~ , 공간이 넓어서! 그래서 속이 씨원해서 ! 잘 간답니다. 뷰는 사실 뭐 없어요 . 차 씽씽 다니는 씨티뷰 :) 카페 규모랑 안어울리게... ",벚꽃처럼,https://blog.naver.com/needu0511,20220602
44,<b>이디야</b> X 단미 와플메이커 사용 후기,https://blog.naver.com/okuimasami?Redirect=Log&logNo=222802590313,<b>이디야</b> X 단미 와플메이커 사용 후기 안녕하세요! 몽토예요. 귀가하는 길 버스를 기다리는데 강한... 마침 동생이 <b>이디야</b>커피 X 단미 와플메이커를 사용하자고 해서 저번에 구매해 온 와플 믹스 반죽을 해... ,몽토의 내일도 꿀맛,https://blog.naver.com/okuimasami,20220706
45,<b>이디야</b> 토피넛라떼 아메리카노 생크림와플 화이트 초콜릿,https://blog.naver.com/k36361?Redirect=Log&logNo=222813718223,"이번에는 <b>이디야</b>의 토피넛라떼, 아메리카노, 생크림와플, 화이트 초콜릿 후기입니다. 1. ICED 토피 넛... <b>이디야</b> 토피 넛 라떼에 에스프레소 샷을 추가해서 많이 마신다고 해서 저도 샷 하나를 추가했는데요... ",브리즈 블로그,https://blog.naver.com/k36361,20220716
46,[춘천] <b>이디야</b>가 이렇게 이뻐도... 통나무집 닭갈비 옆 <b>이디야</b> 후기,https://blog.naver.com/dbsgml616?Redirect=Log&logNo=222792834800,<b>이디야</b> 춘천소양강점 가봤던 <b>이디야</b> 중 제일 이뻤던 장소 끝나지 않은 춘천 여행 포스팅... 프랜차이즈 카페라 올릴까 말까 고민했지만 너무 이뻐서 안 올릴 수가 없었어요 이곳은 통나무집 닭갈비를 먹기... ,즐거운 여행 중인 뇨니,https://blog.naver.com/dbsgml616,20220629
47,<b>이디야</b> 카페 춘천 포레스트점,https://blog.naver.com/hyun85426?Redirect=Log&logNo=222802705321,"<b>이디야</b>가 이렇게 고급스럽고 예쁠 일인가,ㅎㅎ 싶었던_ <b>이디야</b>커피의 대변신, 춘천 포레스트점이에요 :) 숲 속에 산장느낌의 건물 외관, 앞에 주차장도 제법 널찍했고요 :) 내부를 통해 밖으로 나오면, 인조잔디에... ","너와 나의, 공간",https://blog.naver.com/hyun85426,20220706
48,"비알레띠 모카포트, 홈카페 라떼 만드는 방법 : <b>이디야</b>... ",https://blog.naver.com/insung1214?Redirect=Log&logNo=222832313896,"걸어가면 <b>이디야</b>커피 매장이 있는데, 더워서.. 귀찮네요? 집에서 직접 만듭니다. 특별히 오늘 아침엔... 바라만 봐도 기분이 좋아지는게 집에서 만드는 라떼는 제 기준에서 <b>이디야</b>, 투썸 보다도 맛있습니다.... ",코리아 롱비치 14,https://blog.naver.com/insung1214,20220728
49,[와글잡담] <b>이디야</b>x단미 와플메이커_파스텔핑크,https://blog.naver.com/pongponglove?Redirect=Log&logNo=222792484207,"찾다가 <b>이디야</b>x단미 콜라보 와플메이커 발견! 샌드위치 플레이트도 필요해서 그냥 단미로 살까 했는데 이미 <b>이디야</b> 와플메이커에 꽂힘 15잔 커피를 마시고 겟 하느냐..1만원 이상 구매하고 25,900원에 사느냐..... ",꾸기덩이의 달그라락,https://blog.naver.com/pongponglove,20220628
50,<b>이디야</b> 콤부차와 함께 청량한 여름을!!! ✨ (feat. 룰루레몬... ,https://blog.naver.com/ediya-coffee?Redirect=Log&logNo=222804623624,<b>이디야</b>와 함께 찾으러 가보자구요! 톡! 쏘는 청량한 여름의 맛! 여름에 가장 인기 있는 음료는 시원한... 콤부차는 <b>이디야</b>의 대표 음료 중 하나인데요. 특히 더운 여름에 폭발적인 인기를 끌고 있습니다.... ,이디야커피 공식 블로그,https://blog.naver.com/ediya-coffee,20220711
51,고잔역 카페 <b>이디야</b> (feat.반가운 제비),https://blog.naver.com/ruddks2415?Redirect=Log&logNo=222767353833,오늘은 고잔역 근처에 있는 카페중에 <b>이디야</b>커피를 방문했어요. 고잔역 근처에는 직장인들이 많이다니고 지하철타고 출퇴근하는 유동인구때문인지 몰라도 카페들이 좀 많은편같아요. <b>이디야</b> 고잔역점 Bambi... ,Bambi’s happyhouse❤️,https://blog.naver.com/ruddks2415,20220610
52,<b>이디야</b> 신메뉴 생과일 수박 주스 직접 마셔본 후기,https://blog.naver.com/soqls0321?Redirect=Log&logNo=222770754135,"<b>이디야</b> 신메뉴 생과일 수박 주스 직접 마셔본 후기 요즘 생과일 주스 찾는 분들 많으시죠? 더운... 텐데요, <b>이디야</b>에서 생과일 수박 주스가 신메뉴로 출시되었다고 해서 직접 내돈내산으로 마셔봤습니다.... ",요이삔것의 즐거운 일상,https://blog.naver.com/soqls0321,20220613
53,[대흥]<b>이디야</b> 크림샷라떼,https://blog.naver.com/maybe8212?Redirect=Log&logNo=222746459230,"2022.5.25 대흥 <b>이디야</b> 크림샷라떼 지나가다 <b>이디야</b>에 신메뉴로 크림샷라떼가 나왔다고 붙어있는 포스터 보고 궁금해서 먹어봤어요. 근데, 이 메뉴가 시즌메뉴여서 첨에 간 <b>이디야</b>에서는 품절이라고 했어요.... ",가끔은 꿈을 꾼다.,https://blog.naver.com/maybe8212,20220525
54,진천동 조용한카페 <b>이디야</b>커피 크로와상 존맛탱,https://blog.naver.com/theshine2015?Redirect=Log&logNo=222758718709,진천동 카페 '<b>이디야</b>커피' 친구랑 소고기 먹고 2차로 커피에 디저트는 먹어야지 하면서 근처로 찾다보니 진천동 조용한카페 <b>이디야</b>커피가 보이더라구요 바로 들어감 ! 저는 <b>이디야</b> 커피를 주로 가는건 아니라서... ,안녕하세요 온-오프 카케어 카짐입니다. : ),https://blog.naver.com/theshine2015,20220606
55,[EDIYA/<b>이디야</b>] 비니스트 디카페인 아메리카노,https://blog.naver.com/kirara1120?Redirect=Log&logNo=222815966699,"<b>이디야</b>] 비니스트 디카페인 아메리카노 (4,500원) 선물로 받은 <b>이디야</b> 신제품 '디카페인 아메리카노' 커피를 줄여보기 위해서 차를 마시고 있는데 그래도 커피가 너무 생각날때는 디카페인 커피가 최고같다.... ",입안행복 칸타빌레,https://blog.naver.com/kirara1120,20220717
56,올여름 첫 빙수 <b>이디야</b>의 딸기 치즈 빙수 후기,https://nohji.com/4726?category=313585,"그렇게 찾은 카페와 메뉴는 해마다 꼭 챙겨서 먹고 있는 <b>이디야</b>의 딸기 치즈 빙수다. <b>이디야</b> 딸기 치즈 빙수 <b>이디야</b>에서 판매하는 딸기 치즈 빙수를 본다면 크게 뭔가 외관이 달라지지는 않았지만, 지난해와... ",노지의 소박한 이야기,https://nohji.com/,20220628
57,<b>이디야</b> 콤부차 효능 카페인 칼로리 다이어트 음료,https://blog.naver.com/ijoao?Redirect=Log&logNo=222822753009,"<b>이디야</b> 콤부차. 복숭아망고 청포도레몬 가격 각 3,500원 사이좋게 하나씩 ㅋㅋ 콤부차를 주문하면... 칼로리, 카페인 정보를 확인하려고 <b>이디야</b> 홈페이지에 들어갔는데... 복숭아망고 칼로리가 128, 청포도레몬... ",Smiling Sunny,https://blog.naver.com/ijoao,20220721
58,<b>이디야</b>커피 창원남양점,https://blog.naver.com/clsrn23?Redirect=Log&logNo=222801079086,남양동 성원2차 상가에 위치한 <b>이디야</b> 커피입니다. <b>이디야</b>에서 써큘레이터 행사가 있다고 해서 근처에 갔는데 판매하지 않는 지점이라고 해서 전화를 해보고 있다고 확인후 방문한 창원남양점 입니다. 영업시간... ,구르마미,https://blog.naver.com/clsrn23,20220705
59,완벽한 홈카페를 위한 조건 (feat. <b>이디야</b> 와플메이커),https://blog.naver.com/ediya-coffee?Redirect=Log&logNo=222736060502,저처럼 사람 많은 카페에 가면 금방 지치시는 분들이라면 오늘 <b>이디야</b> 신상템을 눈여겨 봐주세요!... 여러분들의 완벽한 홈카페를 위해서 <b>이디야</b>에서 올데이브런치 와플메이커를 준비했어요. 와플메이커를... ,이디야커피 공식 블로그,https://blog.naver.com/ediya-coffee,20220518
60,미리 준비하는 추석 명절 선물 (with <b>이디야</b> 2022 추석 선물세트),https://blog.naver.com/ediya-coffee?Redirect=Log&logNo=222838487098,매년 같은 고민을 하시는 여러분들을 위해 <b>이디야</b>에서 ‘알잘딱깔센’하게 추석 선물세트를... 그래서 오늘은 <b>이디야</b> 블로그 지기가 여러분의 추석 선물 고민에 참견해보려고 합니다. 바로 <b>이디야</b> 선물세트... ,이디야커피 공식 블로그,https://blog.naver.com/ediya-coffee,20220804
61,"<b>이디야</b> 크림샷라떼 카페인, 칼로리 후기!",https://blog.naver.com/maize210?Redirect=Log&logNo=222696471060,"제가 <b>이디야</b>에서 제일 좋아하는 메뉴가 콜드브루 크림넛인데 이제 크림샷라떼로 바뀔 것 같아요,,, 그정도로 넘넘 맛있는 이번 <b>이디야</b> 신메뉴 크림샷라떼!!!! 넘 맛있어서 처음 마시고 다음날 또... ",살구블라썸,https://blog.naver.com/maize210,20220410
62,"<b>이디야</b> 생과일 수박주스+가격,쥬씨 수박주스와 비교~",https://blog.naver.com/music_six?Redirect=Log&logNo=222817158393,수박주스 생각나서 일터 근처 <b>이디야</b> 갔습니다 전에 매머드와 쥬씨 수박주스 리뷰를 한적이 있어서 <b>이디야</b> 수박주스 먹는김에 리뷰도 해보려고요 ㅎㅎ 쥬시 수박주스&amp;메머드 수박주스 비교 : 네이버 블로그... ,차양,https://blog.naver.com/music_six,20220718
63,<b>이디야</b>커피 메뉴 추천 연유카페라떼 솔직후기,https://blog.naver.com/okuimasami?Redirect=Log&logNo=222743472076,<b>이디야</b>커피 메뉴 추천 연유카페라떼 솔직후기 안녕하세요. 몽토입니다. 낮엔 광주 기온이 무려 31도까지... ㄷㄷㄷ 동네 한 바퀴 돌고 나니 기운이 쭉 빠져서 시원한 당 충전을 할 겸 오늘도 문흥동 카페 <b>이디야</b>커... ,몽토의 내일도 꿀맛,https://blog.naver.com/okuimasami,20220523
64,<b>이디야</b> 추천 스낵 크리미초코감자쿠키,https://blog.naver.com/psm_1230?Redirect=Log&logNo=222785421778,<b>이디야</b> 추천메뉴 크리미초코감자쿠키 존맛! 평소에 여러 프렌차이즈 카페들 중에서 <b>이디야</b> 커피를 참 좋아하는 나 :) 그중에서 나의 원픽메뉴는 콜드브루 크림넛인데 커피를 사면서 꼭 잊지않고 사는게 또... ,찬둥,https://blog.naver.com/psm_1230,20220623
65,"허니 카라멜 브레드 :  <b>이디야</b>커피 강릉교동택지점, 토요일... ",https://blog.naver.com/insung1214?Redirect=Log&logNo=222813678309,"<b>이디야</b>커피 강릉교동택지점 토요일 아침 커피한잔 마시러 들었습니다. 셋이서 카페가면 보통 1시간... 아침에 집에서 베이컨 토스트 먹고 왔으니까, <b>이디야</b>커피 아메리카노가 제격이죠. 딸기는 아침 입맛이... ",코리아 롱비치 14,https://blog.naver.com/insung1214,20220716
66,"<b>이디야</b> 생과일 토마토주스 칼로리, 집에서 갈아먹는 맛",https://blog.naver.com/maize210?Redirect=Log&logNo=222815159223,정말 집에서 직접 갈아먹는 것 같은 맛이 나는 <b>이디야</b> 생과일 토마토주스! 진짜 토마토만 가득 갈아넣은 생과일주스인가봐요 ㅋㅋㅋㅋㅋㅋㅋ <b>이디야</b> 생과일주스는 토마토와 수박 두가지로 만나볼 수 있어요!... ,살구블라썸,https://blog.naver.com/maize210,20220717
67,당산 10번 출구 CAFE <b>이디야</b>,https://blog.naver.com/hewon3k?Redirect=Log&logNo=222763887397,당산역 10번출구로 약속이 있어서 <b>이디야</b>를 다녀왔습니다 ^^ 히히 버스에 딱 내리니깐 래미안 아파트 거기서 내리더라구여 그래서 어디를 갈까 보다가 <b>이디야</b>로 들어왔지요 여기가 가장 가깝기도 하곡 가격도... ,금갈치의 세상,https://blog.naver.com/hewon3k,20220608
68,[예산내포맛집]<b>이디야</b> 커피,https://blog.naver.com/nicedragon80?Redirect=Log&logNo=222801568937,그리고 지인과 함께 커피 한 잔으로 담소를 나누게 된다면 이곳 <b>이디야</b>커피를 찾게 됩니다. [#용갈이짱구 기억으로는 대략 2-3번은 온 듯하네요.] 휴일 오후 점심을 먹고 찾은 <b>이디야</b> 커피는 언제 와도 새로 문을... ,☞생각할일없는남자사람 용갈이짱구,https://blog.naver.com/nicedragon80,20220708
69,<b>이디야</b> 메뉴 추천 크림샷라떼 강릉교동택지점,https://blog.naver.com/tayastocker?Redirect=Log&logNo=222821658641,<b>이디야</b> 메뉴 추천 크림샷라떼 강릉교동택지점 예전에 <b>이디야</b>커피 이곡라떼를 좋아했는데 작년부터 맛이 변함. 그 뒤로 딱히 정착할 메뉴가 없었는데 출시된 이후 꾸준히 먹고 있는 메뉴인 아이스 크림샷 라떼... ,이웃추가하지마요!!! 서이추 신청off,https://blog.naver.com/tayastocker,20220721
70,<b>이디야</b>커피 여름 메뉴 추천 아이스 민트 초콜릿 후기,https://blog.naver.com/okuimasami?Redirect=Log&logNo=222781122625,<b>이디야</b>커피 여름 메뉴 추천 아이스 민트 초콜릿 후기 일요일은 기온이.. 31도?! 실화냐! 벚꽃이 예쁘게... 다들 좋은 곳을 찾아 야외 나들이라도 떠나신 건지 평일보다 넉넉하고 조용해서 기분이 좋은 <b>이디야</b>커피... ,몽토의 내일도 꿀맛,https://blog.naver.com/okuimasami,20220620
71,<b>이디야</b>커피 양평롯데마트점,https://blog.naver.com/peacerina?Redirect=Log&logNo=222836752283,바쁜날이네요~ #<b>이디야</b>커피#롯데마트점#양평<b>이디야</b> 바쁘게 다니다가 롯데마트에 와서 장을보고나니 지치는시간이라 시원한 커피 한잔 마시고 가려구요~ #<b>이디야</b>리유저블컵#피크닉박스 옆에는 파스텔 톤의... ,사람과 사람사이..,https://blog.naver.com/peacerina,20220801
72,"<b>이디야</b> 콤부차 복숭아망고 가격, 칼로리 후기!",https://blog.naver.com/maize210?Redirect=Log&logNo=222835999195,"좋아요 <b>이디야</b> 콤부차 가격은 3,500원이고 총 315ml 들어있어요 맛은 복숭아망고, 청포도레몬 두가지가 있음!! <b>이디야</b> 콤부차 복숭아망고는 콤부차에 복숭아와 망고를 더해 달콤하게 마시기 좋았는데요!... ",살구블라썸,https://blog.naver.com/maize210,20220801
73,<b>이디야</b> 망고빙수 솔직후기 / 페이코인으로 즐기기♡,https://blog.naver.com/hopeeveryk?Redirect=Log&logNo=222838360451,동네 지나다니다보면 늘 <b>이디야</b> 유리창에 쓰여진 &quot;빙수 먹기 좋은 날&quot;이란 글과 빙수 삼총사 사진이 눈에 띄었어요. ㅋㅋㅋㅋ 오늘 날이 참 후덥지근한게 오늘이야말로 빙수 먹기 좋은 날이란 생각이... ,월백언니의 재테크생활일기,https://blog.naver.com/hopeeveryk,20220803
74,비 덕분에(?) <b>이디야</b>에서 자부타임!♡,https://blog.naver.com/hopeeveryk?Redirect=Log&logNo=222809831249,아이 학원 보내놓고 학원 바로 맞은편 <b>이디야</b>로 들어왔습니다. 이 비를 뚫고 다시 집에 갔다 올 순 읎다!!! <b>이디야</b>에 사람이 한 명두 없네요? 조용하고 좋군요~ ㅎㅎㅎ 비록 벽뷰(?) 이지만... 아바라와 따끈한... ,월백언니의 재테크생활일기,https://blog.naver.com/hopeeveryk,20220713
75,<b>이디야</b>커피 강릉회산점 : 이 여름 피서는 <b>이디야</b>커피... ,https://blog.naver.com/insung1214?Redirect=Log&logNo=222804998878,"시원한 생수를 마셔도 뭔가 부족한듯, <b>이디야</b>커피 매장에서 엄청 밀고 있는 수박주스, 시원한게 맛있습니다. <b>이디야</b>커피 강릉회산점 셋이서 주문한 수박주스 기다리고 있습니다. 시원하게 매장안에서 마셔도... ",코리아 롱비치 14,https://blog.naver.com/insung1214,20220708
76,가람상가 맛집(미소야&amp;<b>이디야</b>),https://blog.naver.com/joliesol?Redirect=Log&logNo=222805787400,한가한 <b>이디야</b>로ㅎ 한가한건 안좋은건가? #<b>이디야</b>파주가람마을점 여긴 거의 한가한 편임 살거같다 아메~ 역시 <b>이디야</b>는 토피넛맛집인디ㅎ 울아들은 미식가ㅎ 다이어트한다는 딸은 초코와 휘핑크림을 못버림ㅠ... ,운정맘 일상♡,https://blog.naver.com/joliesol,20220709
77,"<b>이디야</b> 원주기업도시점 신메뉴 더위사냥, 제철 생과일 주스",https://blog.naver.com/fresh0210?Redirect=Log&logNo=222803584062,"<b>이디야</b>커피 여름맞이 신메뉴 등장 <b>이디야</b> 여름맞이 신메뉴 먹으러 다녀왔어요. <b>이디야</b> 원주기업도시점은 공간도 넓은 편이고, 야외 공간도 잘 되어 있어서 좋았어요. 콘센트가 아주 잘 되어 있어서 노트북 들고... ",행복하루,https://blog.naver.com/fresh0210,20220708
78,<b>이디야</b> 1인빙수 망고빙수 사먹은 후기,https://blog.naver.com/pazzihouse?Redirect=Log&logNo=222823904630,저는 빙수 킬러입니다 겨울에도 얼죽아 이기에 빙수도 냠냠 동네 빙수집 왠만하면 다 시켜먹었는데 설빙이 제일 나은것같아요 ㅡ <b>이디야</b> 지나가는데 앞에 1인빙수를 판다고 되어있길래 호다닥 포장주문... ,문쥐 블로그,https://blog.naver.com/pazzihouse,20220722
79,[리뷰]<b>이디야</b> 캡슐커피(네스프레소 호환),https://blog.naver.com/honbliss?Redirect=Log&logNo=222808826904,"-사용된 이미지는 직접 촬영한 사진으로 무단 도용을 금합니다.- 안녕하세요, 오늘은 <b>이디야</b>에서 출시한 캡슐커피를 소개 해 드립니다. 얼마전 마트에 가보니 <b>이디야</b>에서 나온 캡슐커피가 있어서... ",혼블리스 디자인,https://blog.naver.com/honbliss,20220712
80,<b>이디야</b> 커피믹스-골드 블렌드.,https://blog.naver.com/rupinkimami?Redirect=Log&logNo=222837779688,가끔 니봉이가 커피를 부탁하는 궁뎅이 때문에 물과 우유와 커피와 설탕을 얼만큼 조합을 해야 하는지 늘 묻고 또 묻고는 늘상 &quot;망했다..&quot; 하길래 이번엔 처음으로 <b>이디야</b> 커피믹스를 사봤다. 물을 더 적게 넣어야... ,궁뎅이,https://blog.naver.com/rupinkimami,20220802
81,"옥천역 카페, 독특한 실내정원 온실카페 <b>이디야</b>커피 옥천역점.... ",https://blog.naver.com/yangklee?Redirect=Log&logNo=222832271871,"있는 <b>이디야</b>커피이다 아주 독특하고 예쁜 분위기의 실내정원, 이국적이기도 하고 유리 천장 높아... 편안한 <b>이디야</b>커피 옥천역점은 기억에 남을 정도로 인상적이다. 직원들도 친절하다. 옥천에 기차를 타고... ",lets T R A V E L,https://blog.naver.com/yangklee,20220728
82,"창원 상남 &quot;<b>이디야</b>&quot; 메뉴추천ㅣ유자피나콜라다, 토피넛라떼",https://blog.naver.com/fls7488?Redirect=Log&logNo=222777806397,"<b>이디야</b> 창원온천점 ✔️영업시간 : 평일 10:30-23시, 주말 10-22:30분 ✔️주차장 O ✔️포장, 배달 O ✔️Tel. 055-266-0296 테이크아웃 전문점 카페를 제외한 카페 중에서 자주 가는 스타벅스와 <b>이디야</b> 스타벅스는... ",?,https://blog.naver.com/fls7488,20220618
83,콤부차 두 번째 마셔봄 - <b>이디야</b> 콤부차 복숭아망고,https://blog.naver.com/ortln2002?Redirect=Log&logNo=222814425404,콤부차가 생각보다 입에 잘 맞아서 이번엔 <b>이디야</b> 콤부차 복숭아망고를 마셔봤다. 복숭아망고는 내가 좋아하는 핑크핑크  <b>이디야</b> 앱에 들어가면 콤부차 응모권? 이 있더라. 응모권 사용하면 500원 할인받을 수... ,쏠작가의 쏠포토그래피,https://blog.naver.com/ortln2002,20220718
84,일상카페 추천인코드 22709A39 <b>이디야</b> 기프티콘,https://blog.naver.com/2luv_co?Redirect=Log&logNo=222798402370,#일상카페 일상카페 추천인코드 22709A39 <b>이디야</b> 기프티콘 할인받는 방법도 함께 소개해드릴게요~ 먼저... 타임할인하고요~ <b>이디야</b>커피 1만원권도 10% 하고 카페라떼와 아메리카노도 10% 할인된 금액에 구매할 수... ,나는야 바밤바,https://blog.naver.com/2luv_co,20220703
85,<b>이디야</b> 아이스티 샷추가(아샷추) 엑스트라 리뷰 :),https://blog.naver.com/lnk2721?Redirect=Log&logNo=222819556864,<b>이디야</b>에도 아샷추가 있다고 해서 <b>이디야</b> 아샷추를 마셔보았는데요. 레귤러 사이즈보단 엑스트라 사이즈를 추천하는 글이 많아서 저도 엑스트라 사이즈로 주문했습니다. 가격은 엑스트라 3500원 칼로리... ,Leisera의 육아&일상 리뷰♡,https://blog.naver.com/lnk2721,20220719
86,<b>이디야</b> 팥빙수 물회 국수추가요,https://blog.naver.com/goollu?Redirect=Log&logNo=222824414142,<b>이디야</b> 팥빙수도 시켜먹고 다들 일이 있어 호다닥 귀가했더랬다. 근디 중요한건 옥수수 가지러 왔음서 옥수수를 놓고 감 버선발로 뛰어가 옥수수 쥐어줬다 ㅎ 다들 정신 몬차리냐ㅋㅋ 오늘 다이어트는... ,삼형제엄마♡엔쮸,https://blog.naver.com/goollu,20220722
87,"<b>이디야</b> 커피, 아이스토피넛라떼 &amp; 생과일수박주스",https://blog.naver.com/top1889?Redirect=Log&logNo=222803544621,후식으로 커피마시러 회사근처 <b>이디야</b>로 =33 점심시간에 밥 먹고 나온 직장인분들~~ 엄청 많더라고요... 처음엔 낯설었지만 이제는 어딜가도 많이 보이는 무인주문기로 주문했어요~~~ ✔️<b>이디야</b> 메뉴 및 가격... ,"뻥산, hello !",https://blog.naver.com/top1889,20220707
88,[전국/<b>이디야</b>커피] 신메뉴 1인 빙수 &amp; 꿀복숭아 플랫치노 굿~~,https://blog.naver.com/baojiong?Redirect=Log&logNo=222790887451,[전국/<b>이디야</b>커피 (EDIYA COFFEE)] 신메뉴 1인 빙수 &amp; 꿀복숭아 플랫치노 굿~~ 습하고 무더운 여름이 되면 꼭 생각나는 ' 빙수 ' &quot; <b>이디야</b> 커피 (EDIYA COFFEE) &quot; 매장에는 여름 신메뉴로 &quot; 빙수 먹기 좋은 날 &quot; 1인 빙수가... ,Bao&apos;s Travel Story,https://blog.naver.com/baojiong,20220628
89,<b>이디야</b> 과자추천 크리미초코 감자쿠키,https://blog.naver.com/maize210?Redirect=Log&logNo=222728077490,"제가 <b>이디야</b>에서 제일제일 좋아하는 과자 크리미초코 감자쿠키를 추천해드리려고 해요❤❤❤ 요건... 존맛과자에요 <b>이디야</b> 크리미초코 감자쿠키 12개 들어있고 가격은 2,500원❤ 슬림한 감자쿠키에 초코릿이... ",살구블라썸,https://blog.naver.com/maize210,20220511
90,군포 금정 카페추천 신환사거리 카페<b>이디야</b> 허니브레드 포장 후기,https://blog.naver.com/benya_ispin?Redirect=Log&logNo=222820458568,군포에 있는 신환사거리근처에 <b>이디야</b>에서 허니브레드 포장해왔습니다 여긴 새로생겨서 실내도 꽤... ㅋㅋㅋ <b>이디야</b> 포장 너무 귀여움 ㅋㅋㅋㅋ 완전 생일케이크 ㅋㅋ 미니버전 생크림도 많음 ㅋㅋㅋ 따로 위에... ,오냥냥,https://blog.naver.com/benya_ispin,20220721
91,[<b>이디야</b> 빙수] 1인 빙수 5900원 팥인절미 빙수 후기 / 내돈내산,https://blog.naver.com/judy638?Redirect=Log&logNo=222773347646,<b>이디야</b> 1인 빙수 5900원 #팥인절미 #딸기피치요거놀라 #망고패션요거놀라 안녕하세요 여울이에요... 여름이 다가오네요~~ 이런 날씨를 가시기 위해 빙수가 필요하죠!ㅋㅋ 출처 : <b>이디야</b>커피 공식 블로그 간단히... ,흰여울 UJ. Blog,https://blog.naver.com/judy638,20220614
92,여긴 <b>이디야</b> 커피,https://blog.naver.com/nuunmool?Redirect=Log&logNo=222802829990,<b>이디야</b> 커피.. 내 노트북 사양이 아주 오래 된 거라 부피도 크고 무게도 꽤 나가거든요.. 윈도우 뭔가가... 여긴 <b>이디야</b> 커피.. 여행 계획표를 짤려구 나왔어요.. 건강히 잘 지내셔요.. 아프지 말고.. 슬프지 말고..... ,하늘로 난 창이 있는 다락방,https://blog.naver.com/nuunmool,20220707
93,<b>이디야</b> 녹차플랫치노,https://blog.naver.com/ruby529?Redirect=Log&logNo=222806042463,팀장님이 <b>이디야</b> 커피 쿠폰을 보내 주셨더라구요^^ 집근처에 스타벅스가 없어서 제가 젤 가까운 곳이 <b>이디야</b>커피라고 했더니 녹차 플랫치노 쿠폰을 보내주셨길래 뒤뚱거리며 <b>이디야</b>로 go~~~ 이거 들고 겨우 겨우... ,ruby529님의 블로그,https://blog.naver.com/ruby529,20220710
94,늦은 점심과 저녁 후의 <b>이디야</b>,https://blog.naver.com/psy58psy?Redirect=Log&logNo=222810222820,잘 먹었습니다~~ 걷기보다 먼저 <b>이디야</b>를 들어왔다. 걷기 옷인데 무난한거라 생각하면서. 늘 사람들이 많다. 납작하고 둥근 유리병의 주스를 생각했으나 <b>이디야</b>브랜드의 긴 플라스틱 병. 시원하게 얼음에 부어서... ,꼬까오랑캐꽃,https://blog.naver.com/psy58psy,20220713
95,[이벤트] 소셜벤처 경연대회 공유하고 <b>이디야</b> 팥빙수 기프티콘... ,https://blog.naver.com/se365company?Redirect=Log&logNo=222802504607,오는 7월 18일까지 모집중인 소셜벤처 경연대회 소식을 알리면 추첨을 통해 #<b>이디야</b>기프티콘 을... 진행일정 - 참여기간: 2022.07.06.(수) ~ 07.12.(화) 18시 - 경품: <b>이디야</b> 팥인절미 빙수 기프티콘(100명)... ,한국사회적기업진흥원,https://blog.naver.com/se365company,20220706
96,티몬 <b>이디야</b> 빙수 쌍쌍츄로스 할인  망고패션 요거놀라 빙수... ,https://blog.naver.com/subiaco09?Redirect=Log&logNo=222837458377,맛 암튼 씹는재미 + 달달구리 끝판왕 + 2021 <b>이디야</b> 1인 빙수 올해 빙수가 더 맛나다 + 오마이갓 집에서 가까운 <b>이디야</b>는 빙수도 츄러스도 안 하신대서 ㅜㅜ 좀 걸어서 혼빙 ~ <b>이디야</b> 빙수는... ,온 세상이 놀이터,https://blog.naver.com/subiaco09,20220802
97,[<b>이디야</b> 커피]메뉴판 및 가격표/여름시즌 한정 1인빙수... ,https://blog.naver.com/saranghea41?Redirect=Log&logNo=222799996214,"[<b>이디야</b> 커피]메뉴판 및 가격표/여름시즌 한정 1인빙수/망고패션요거놀라,딸기피치요거놀라 요즘 날씨... 주말에 평택 뉴코아아울렛에서 쇼핑하고 집에가기전, 바로 옆에 그랜드 오픈한 <b>이디야</b>커피가 있어서... ",건전지의 리뷰놀이터,https://blog.naver.com/saranghea41,20220713
98,비 오는 날 <b>이디야</b> 오곡라떼,https://blog.naver.com/ohmok9531?Redirect=Log&logNo=222778714055,비 오는 날 <b>이디야</b> 오곡라떼 요 며칠은 초여름 답지 않게 날씨가 선선했고 제가 <b>이디야</b> 오곡라떼 마신 날은 최고조로 쌀쌀했습니다. 바람막이 점퍼 없이 반팔로 출근했는데 너무 추워 아이스가 아닌 따뜻한 걸로... ,오목의 체험공간,https://blog.naver.com/ohmok9531,20220620
99,"4월 카페 : <b>이디야</b>, 고목림, 카르멜인포레스트, 아레피... ",https://blog.naver.com/ziny1224?Redirect=Log&logNo=222800721565,"4월, 카페 <b>이디야</b> 딸기가 올라간 허니브레드, 너무 달아서 다음부터는 그냥 오리지날로 먹기로_ 또, <b>이디야</b> 크로플과 함께, 동동이는 어느 카페를 가던 고민 안하고 무조건 아메리카노(또는 콜드브루) 나는 늘... ","그리고,",https://blog.naver.com/ziny1224,20220705
0,구한다 민초 유니버스의 시작! (feat. <b>이디야</b> 민트초코 베이커리),https://blog.naver.com/ediya-coffee?Redirect=Log&logNo=222785222710,<b>이디야</b> 역시 이런 흐름과 민초단의 마음을 헤아렸어요. <b>이디야</b>만의 민초 세계관의 시작! 일명 ‘민초 유니버스’의 첫걸음인 베이커리를 선보였거든요. 민초 베이커리는 민초러버들을 위한 이벤트이기도... ,이디야커피 공식 블로그,https://blog.naver.com/ediya-coffee,20220623
1,<b>이디야</b>커피 - 솜사탕 캔디 플랫치노/ 주먹밥 2종/ 프레즐,https://blog.naver.com/dksork03?Redirect=Log&logNo=222763399663,&lt;&lt; 오랜만에 <b>이디야</b>커피에 다녀왔다. 가족이 병원가며 태워다줌ㅋㅋ 가게 앞에 주차공간이 있어 편함. &lt;&lt; 언제나 깔끔하고 정돈된 매장. 내가 가는 <b>이디야</b>커피 청주용정점은 바로 바로 테이블을 청소해주신다.... ,에너자이저를 등에 짊어지고 힘차게.,https://blog.naver.com/dksork03,20220607
2,<b>이디야</b> 1인빙수 완전 반해버린 내돈내산 후기,https://blog.naver.com/miminimkkk?Redirect=Log&logNo=222753124503,<b>이디야</b> 1인빙수 완전 반해버린 내돈내산 후기 안녕하세요 미미찡입니다. 요즘 날씨가 더웠다가 추웠다가 난리도 아닌데요. 오늘은 이번달 초에 개시한 <b>이디야</b> 1인빙수 후기를 가지고 왔어요. 종류는 망고패션... ,♥ 미미찡의 귤 까는 놀이터 ♥,https://blog.naver.com/miminimkkk,20220531
3,<b>이디야</b>커피에서 시원한 레몬 아이스티 한잔 :),https://blog.naver.com/ssong89611?Redirect=Log&logNo=222773542115,생일날 남편이 자유부인하고 오라고 해서 뒤도 안 돌아보고 집 앞에 있는 <b>이디야</b>커피 풍무역점에 왔어요! 자유부인하라고 해서 애들 다 놓고 <b>이디야</b>커피에 왔는데 과일빙수랑 과일주스보니 우리 으뜸이가... ,Magnolia♥,https://blog.naver.com/ssong89611,20220615
4,20220514_<b>이디야</b>_크루와상_ft.아메리카노 기프티콘,https://blog.naver.com/chanyu_kim79?Redirect=Log&logNo=222752133421,나님이 설문조사를 하고 사례로 받은 <b>이디야</b>의 아메리카노 쿠폰이 있었음. 이것이 또 사연이 있는데... 받아보니 <b>이디야</b>. <b>이디야</b>는 먹을 게 없단 말이에요! 그리고 <b>이디야</b> 커피는...입맛에 안 맞아서 마시지... ,신명나게 살기,https://blog.naver.com/chanyu_kim79,20220530
5,<b>이디야</b>커피로 여름사냥 1인빙수 그리고 달고나 믹스치노 리뷰,https://blog.naver.com/pswook86?Redirect=Log&logNo=222780120092,마트에서 장을 보다 시원한게 먹고 싶어 <b>이디야</b>에 갔습니다 여름 시즌 메뉴로 여름사냥 메뉴 3종이... 있네요 <b>이디야</b>에서 이런 쿠키 종류도 판매하는지는 몰랐어요 주문한 팥 인절미 1인빙수와 달고나 믹스... ,퍼그용사,https://blog.naver.com/pswook86,20220619
6,<b>이디야</b> 메뉴 아이스 아메리카노 마셔봤습니다,https://blog.naver.com/sht9182?Redirect=Log&logNo=222761286823,있는 <b>이디야</b>가 보여서 메뉴들 찍을 겸해서 방문했습니다. 이때는 마시고 싶은 음료를 정하고 들어간 게 아니라서 기본적인 메뉴인 아이스 아메리카노를 선택했어요. 그래서 오늘은 <b>이디야</b> 메뉴 정리와 <b>이디야</b>... ,프레스티시모,https://blog.naver.com/sht9182,20220606
7,북한강전망좋은카페 남양주키즈카페 <b>이디야</b> 북한강점,https://blog.naver.com/zaja1972?Redirect=Log&logNo=222693777912,서울에서 가까운 곳이라 언니들과 자주 가는데 집으로 돌아오는길에 가끔 들리는 <b>이디야</b> 북한강점... 무엇보다 <b>이디야</b>하면 가격도 착하기 때문에 근처 다른 카페들에 비해 상대적으로 저렴한 가격으로 분위기... ,가을사랑의 행복을 꿈꾸는 곳,https://blog.naver.com/zaja1972,20220407
8,<b>이디야</b>커피 : 투썸 스타벅스 보다 좋은이유 세가지,https://blog.naver.com/insung1214?Redirect=Log&logNo=222746439165,집에서 1.2킬로 정도 걷다보면 <b>이디야</b>커피 매장이 나옵니다. 천마산 등산로 입구 가는 길이라 걷는 운동하다가 중간에 쉬면서 한잔 마시면 기분 좋습니다‼️ <b>이디야</b>커피 남앙주호평중앙점 집에서 중심상가... ,코리아 롱비치 14,https://blog.naver.com/insung1214,20220525
9,<b>이디야</b> 신상 모카칩믹스치노 마셔본 후기,https://blog.naver.com/aerichan?Redirect=Log&logNo=222749569961,프리퀀시를 채우고자 미션음료 4잔을 채워야해서 시켜본 <b>이디야</b> 신상 모카칩 믹스치노 모카치노라고... 역시 <b>이디야</b>커피는 아이스 카페모카가 제일 입에 맞는 거 같다 무더운 낮에 테이크아웃해서 나오기 전에... ,좋아하는 거 올리는 블로그! 불펌 금지,https://blog.naver.com/aerichan,20220528
10,내가 <b>이디야</b>에 가는 이유는...,https://blog.naver.com/dhsmf0?Redirect=Log&logNo=222743675317,<b>이디야</b>에서 일절 뭔가를 받지 않았다는... 단 말썽쟁이의 하염없는 사춘기짓에 가슴이 아프고 힘들고 참기 어려우면 꿀순양과 둘이 근처의 <b>이디야</b>에 가서 음료 하나씩 마시며 시간을 보내고 마음을 안정시키고... ,행운의여신^^,https://blog.naver.com/dhsmf0,20220523
11,(논현동) <b>이디야</b> 커피 랩 - 매장 이용 후기,https://blog.naver.com/snos1219?Redirect=Log&logNo=222756668472,"그분이 알려주신 <b>이디야</b>에서 운영하는 커피 랩을 방문하게 되었다. 영수증 인증은 별도로 하지 않는다... 방문 사진 이곳의 독특한 점은 <b>이디야</b>를 고급화한 느낌이다. 차를 끌고 오게 되면, 발레파킹을 해주는... ",이번 생은 오버 밸런스,https://blog.naver.com/snos1219,20220602
12,<b>이디야</b> 수박주스 가격 칼로리 (넘 시원해서 머리가 띵~),https://blog.naver.com/keun84?Redirect=Log&logNo=222786897138,"먹으러 왔지요ㅎㅎ <b>이디야</b> 수박주스 가격 R : 4,900 Extra size : 6,100 또 여름이 되니깐ㅎㅎ 블링블링한... ㅋㅋ 대단쓰~ㅎㅎㅎㅎ 후훗 <b>이디야</b>수박주스가 나왔습니당~~ 근데 비쥬얼은 그냥....뭐....ㅋㅋ 자꾸 다른... ",초이&apos;s 뷰티여행블로그,https://blog.naver.com/keun84,20220624
13,<b>이디야</b> 메뉴 크림샷라떼 상세 후기,https://blog.naver.com/etienne03?Redirect=Log&logNo=222757052354,<b>이디야</b> 메뉴 크림샷라떼 벌써 지난달이 돼버렸네요. 조카들과 함께 뛰어놀다가 너무 목이 말라서 가까운 <b>이디야</b> 홍은사거리점에 들렸어요. 항상 문밖에서 보이는 저 크림샷라떼가 먹고 싶었는데 드디어 먹어... ,Barbie&apos;s place,https://blog.naver.com/etienne03,20220603
14,<b>이디야</b> 생과일 수박주스 마셔봤습니다,https://blog.naver.com/sht9182?Redirect=Log&logNo=222747931665,오늘 자로 해서 <b>이디야</b>에서 생과일주스 2종이 나왔다고 해서 집 근처에 있는 매장에 방문했습니다. 매 여름 시즌마다 <b>이디야</b>에서 출시하는 건지는 모르겠지만 저는 처음 접하는 거라서 두 개다 사... ,프레스티시모,https://blog.naver.com/sht9182,20220526
15,#<b>이디야</b> 디저트_ 망고눈꽃빙수 종류(가격),https://blog.naver.com/euirime?Redirect=Log&logNo=222745023049,<b>이디야</b> 빙수 종류 망고눈꽃빙수 더운 여름이 다가왔습니다. 5월이지만 벌써 더우면 어쩌라는건지 이번 여름 참 걱정이네요 그래서 이번 시즌 첫 빙수를 개시했습니다!! 어디냐구요?? <b>이디야</b>에서요!! <b>이디야</b>... ,Have a kiho’ day.,https://blog.naver.com/euirime,20220524
16,<b>이디야</b> 커피수혈 (with 콤부차 레몬),https://blog.naver.com/wedding859?Redirect=Log&logNo=222740572407,토요일에는 <b>이디야</b> 열려있음! 예전에 정원칼국수 자리 (쭈꾸미도 맛있었는데) 갑자기 칼국수 땡긴다아... (공사중이라) <b>이디야</b>를 찾아들어옴 오예! 열려있다 저 멀리에서 보는데 사람이 몇명 있었음 ㅋㅋ 아이스... ,내공간,https://blog.naver.com/wedding859,20220521
17,새로 생긴 안암 <b>이디야</b>커피. 천상계맛 콜드브루크림넛,https://blog.naver.com/gocoo357?Redirect=Log&logNo=222793715185,<b>이디야</b> 커피. 창가자리가 좋아보여서 방문해보겠다 생각하고 몇 주 후에 방문했다. 내부모습 모던하고 깨끗. 학교랑 가까워서 학생이 많을 줄 알았는데 나이가 있으신 듯한 분들이 많았다. 동네 주민 같은?... ,팡파레 테이블,https://blog.naver.com/gocoo357,20220629
18,아이랑 자주가는 우리동네 아지트 <b>이디야</b> 동탄호수포레나점,https://blog.naver.com/janepark0921?Redirect=Log&logNo=222760590010,"아이랑 자주가는 우리동네 아지트 <b>이디야</b> 동탄호수포레나점 글/그림 제인팩 우리집 근처엔 작은 <b>이디야</b> 매장이 있다. 어디나 볼 수 있는 커피체인점이지만, 저렴한 커피값 덕분에 동네 엄마들이 자주 모이기도... ",I&apos;m your Jane :-),https://blog.naver.com/janepark0921,20220605
19,종료)쿠팡잇츠-<b>이디야</b> 2500원 할인(7/1~7/7) + 쁘띠파리... ,https://blog.naver.com/smijoung?Redirect=Log&logNo=222796402199,"<b>이디야</b> 할인을 한다. 6천원 이상 포장 주문시, 2500원 할인해 주고.. 22000개의 쁘띠파리 롤브레드를 선착으로 증정해 주는 이벤트 이다. 아콩이 데리러 가는 길에 주문을 넣어 놓고, 조금 빙~ 돌아서 <b>이디야</b>에... ",쉬미&apos;s 사적인 공간,https://blog.naver.com/smijoung,20220701
20,<b>이디야</b> 신메뉴 민트초코 베이커리 먹어봄 보너스 트윙클... ,https://blog.naver.com/arsoap?Redirect=Log&logNo=222782903269,#민트덕후 #민트매니아 분들에게 희소식 <b>이디야</b>가 미쳤어요!! ㅎㅎ 6월 23일 부터 ~ 9월 30일 까지 시즌 판매하는 민초유니버스 개인적으로 <b>이디야</b> 커피를 좋아하는데요 역에서 집까지 <b>이디야</b> 3곳이 있고... ,평범은 기록을 만나 특별해 진다.,https://blog.naver.com/arsoap,20220621
21,<b>이디야</b> 커피 _ 천안성성점,https://blog.naver.com/peredot0910?Redirect=Log&logNo=222735028792,회사내부에 카페가 <b>이디야</b>로 바뀌어서 <b>이디야</b> 마니아가 되신 김오빠 쿠폰도 주시는지 포인트가 쌓이는지 뭔가가 쌓여서 간식거리를 잔뜩 사와서 며칠을 맛있게 먹었었다. 그후로 나도 가끔 라떼가 먹고 싶은날... ,오늘.여기.소소한일상,https://blog.naver.com/peredot0910,20220516
22,<b>이디야</b> 생과일토마토주스&amp;홍시주스 가격/칼로리/리뷰,https://blog.naver.com/lnk2721?Redirect=Log&logNo=222749454251,<b>이디야</b> 신메뉴 생과일토마토주스 <b>이디야</b>에서 생과일토마토주스가 출시되었는데요. 생과일수박주스는 작년에 마셔봐서 이번엔 생과일수박주스와 홍시주스로 골랐습니다. 생과일토마토주스의 가격은 4900원... ,Leisera의 육아&일상 리뷰♡,https://blog.naver.com/lnk2721,20220527
23,<b>이디야</b> 와플메이커 프로모션 한다고 엄마가 사다 줌,https://blog.naver.com/runtob?Redirect=Log&logNo=222742240359,주말에 친정엄마가 슬그머니 내민 <b>이디야</b> 와플메이커 평소에 와플메이커 살까 말까 엄청... 지금 <b>이디야</b>에서 와플메이커 주는 행사를 한대요. 색상은 핑크랑 화이트 감성미니가전이라 가볍고 예쁘더라구요... ,준브라더스와 세상사는 이야기,https://blog.naver.com/runtob,20220526
24,"포항 화진 <b>이디야</b>커피, 한적하고 오션뷰 좋아",https://blog.naver.com/poiu5525?Redirect=Log&logNo=222747658412,"포항 화진 <b>이디야</b>커피, 한적하고 오션뷰 좋아 포항 화진쪽으로 지나가거나 화진해수욕장으로 놀러간다면 꼭 한번씩 들리는 <b>이디야</b>커피 근처에 있는 대형카페도 좋지만 포항 화진 <b>이디야</b>커피는 엄청 큰... ",윤서야놀자♥,https://blog.naver.com/poiu5525,20220526
25,"언주역 카페 <b>이디야</b>커피랩 : 커피, 베이커리, 케이크 후기",https://blog.naver.com/wd4367?Redirect=Log&logNo=222750377585,"<b>이디야</b>랩 많이들어봐서 기대하면서갔는데 생각했던것만큼 너무 좋았다 일단 앉을자리가 다 편해보여서 이게 제일 좋음 건너편에서 한번 찍기 언주역 카페 <b>이디야</b>랩 들어가면 베이커리, 샌드위치, 케익이... ",✨,https://blog.naver.com/wd4367,20220529
26,[MENU] 자주가는 카페 메뉴 알아보기 :: <b>이디야</b> (2022.06.),https://blog.naver.com/lovelyjiwone?Redirect=Log&logNo=222769858718,"자주가는 카페 메뉴 알아보기 <b>이디야</b> (2022. 06.) 한 때 진~~짜 자주갔던 카페 <b>이디야</b>! <b>이디야</b>가서 허니브레드 or 치케 먹어주는게 꿀맛이었는데... 요즘은 이거 말고도 맛있는게 너무 많아졌고.. 요즘 스벅, 공차... ","여행과 일상, 모든 순간 :D",https://blog.naver.com/lovelyjiwone,20220612
27,"춘천 <b>이디야</b> 춘천소양강점, 춘천 대형카페",https://blog.naver.com/1134sin?Redirect=Log&logNo=222748975867,"춘천 카페 <b>이디야</b> 춘천소양강점, 춘천 대형카페 안녕하세요 :) 가족끼리 당일치기로 춘천에 가서 통나무집숯불닭갈비를 먹고 정원이 있는 예쁜 카페 <b>이디야</b> 춘천소양강점에 다녀왔어요 원래 목적지는 <b>이디야</b>... ",수연로그,https://blog.naver.com/1134sin,20220527
28,[내돈내산]<b>이디야</b>커피 아기과 함께 갈수있는 카페,https://blog.naver.com/nja1215?Redirect=Log&logNo=222736689812,아기 <b>이디야</b>에 와서 어떤거 먹을까 보다가 #<b>이디야</b>뽀로로 사과맛을 하나 사줬더니 입짧은 우리 아기 엄청 좋아서 꿀꺽꿀꺽 마신다 입이 굉장히 짧아진 우리 이준이 키즈뽀로로 주스 하나에 지금신세계를... ,촌스런 찌나,https://blog.naver.com/nja1215,20220518
29,"[각산카페/<b>이디야</b>반야월점]연유콜드브루,버블흑당라떼 마시고 옴",https://blog.naver.com/daseul7863?Redirect=Log&logNo=222750476977,신서네거리에 있는 3층짜리 <b>이디야</b> 카페에 다녀와써요~! (매장은 2층까지예영) 건물전체가 <b>이디야</b>커피라서 얼마나 좋을까 궁금했어요 ㅎㅎ <b>이디야</b>스러운 카페 인테리어 <b>이디야</b>카페 벽은 항상 이 벽돌로 꾸미는... ,스리네 쑥스로그,https://blog.naver.com/daseul7863,20220529
30,간만에 <b>이디야</b> 마산중앙점 방문,https://blog.naver.com/boradite?Redirect=Log&logNo=222738544537,거기가 바로 #<b>이디야</b>_마산중암점 이다... 사실 커피를 좋아하고 커피맛을 좀 안다는 사람들은 #<b>이디야</b> 커피가 별로라고 하는데... 개인적으로 난 커피를 좋아하지만 커피맛은 특별한 차이를 잘 모르겠다.. 게다가... ,천필 드라마작가의 작업실,https://blog.naver.com/boradite,20220519
31,가볼만 한 곳 / 밀양여행코스 호박소계곡 얼음골 얼음골 <b>이디야</b>,https://blog.naver.com/eses1318?Redirect=Log&logNo=222786844068,"<b>이디야</b> 밀양얼음골점 경남 밀양시 산내면 얼음골옛길 358-9 070-7701-1647 평일 10:00 - 20:00 주말, 공휴일 10:21:00 저 저질체력이거든요 호박소계곡에서 꼴랑 그거 걸었다고 힘들어서 얼음골 초입에 새로 오픈한 <b>이디야</b>... ",여행은 먹는게 반이야,https://blog.naver.com/eses1318,20220624
32,<b>이디야</b>커피는 바닐라라떼지! : 꼭 한번 마셔봐야,https://blog.naver.com/insung1214?Redirect=Log&logNo=222757674685,<b>이디야</b>커피 매장에 들렀습니다. 아침 산책했더니 등에 땀이나고 쉬고싶어서요. 참새는 방앗간이 좋습니다. 하하하. 주문하고나서 밖을 보고 있어요(감상). 바람이 시원해서 에어컨보다 좋습니다. 여기 <b>이디야</b>매... ,코리아 롱비치 14,https://blog.naver.com/insung1214,20220603
33,<b>이디야</b> 드립백｜산미없는 아메리카노 추천 : 콜롬비아... ,https://blog.naver.com/1kg_otl?Redirect=Log&logNo=222781147753,"평소 <b>이디야</b> 커피를 좋아하고요 몰랐는데, <b>이디야</b>에 드립백도 판매하길래 그래서 한번 제가 한번..! 마셔 보았습니다~~~~~ 결론부터 말하면 합.격! 걍~ 개운하고 고소한 맛이라 깔끔해요 보통 아메리카노보다 더... ",아무리뷰,https://blog.naver.com/1kg_otl,20220620
34,<b>이디야</b>커피 생과일 토마토주스 4900원 : 신선한 맛이 좋아,https://blog.naver.com/insung1214?Redirect=Log&logNo=222764909748,"<b>이디야</b>커피 생과일 토마토주스 처음 주문했는데, 성공했습니다. 빨대로 한모금 먹으니까... https://m.blog.naver.com/insung1214/222759214130 <b>이디야</b>커피 수박주스도  괜찮았지만 생과일 토마토주스가 제취향에는 더... ",코리아 롱비치 14,https://blog.naver.com/insung1214,20220608
35,"[블챌] 6월 주간일기 챌린지 #2 (<b>이디야</b>커피랩,성수디올... ",https://blog.naver.com/99and100?Redirect=Log&logNo=222778500001,&lt;논현 카페 <b>이디야</b> 커피랩&gt; 결혼식 끝나구 두리번 거리다가 가까운곳에 <b>이디야</b> 커피랩이 있어서 방문 정말 오지게 크다 오바보태서 실내에서 길잃을뻔 했다 ㅋ 가격도 <b>이디야</b> 커피랩답게 그냥 <b>이디야</b> 가격이... ,몽글몽글 일상로그,https://blog.naver.com/99and100,20220618
36,<b>이디야</b> 1인 빙수 소비자의 니즈를 공략한 아이디어,https://blog.naver.com/ohmok9531?Redirect=Log&logNo=222756868799,<b>이디야</b> 1인 빙수 소비자의 니즈를 공략한 아이디어 <b>이디야</b> 1인 빙수 판매하는 것도 처음 알았고 한가지 종류가 아닌 몇 가지 있다는 것도 첨 알았습니다. 제가 선택한 빙수 맛은 팥인절미입니다. 딸기 피치... ,오목의 체험공간,https://blog.naver.com/ohmok9531,20220603
37,<b>이디야</b> 신메뉴 생과일 토마토 주스 직접 마셔본 후기,https://blog.naver.com/soqls0321?Redirect=Log&logNo=222747161130,<b>이디야</b> 신메뉴 생과일 토마토 주스 직접 마셔본 후기 <b>이디야</b>에서 여름 신메뉴로 &lt;생과일 토마토 주스&gt;와 &lt;생과일 수박주스&gt;를 출시했습니다. 더운 여름을 겨냥한 시원하고 청량한 과일 주스로 생과일을... ,요이삔것의 즐거운 일상,https://blog.naver.com/soqls0321,20220526
38,"5월의 홍대, 프린스길 카페 <b>이디야</b>, 가비애 커피 힐링",https://blog.naver.com/sea4165?Redirect=Log&logNo=222752191999,프린스길 카페 <b>이디야</b> #5월 어느새 6월을 앞두고 훌쩍 더워지긴 했지만 도심 어딘가에도 주위를 돌면... 220530.M.  #일상 #생각 #쉼 #5월 #홍대카페가비애 #홍대<b>이디야</b> #홍대프린스길 #홍대걷고싶은거리 #포멜라토,그냥 느낌,https://blog.naver.com/sea4165,20220530
39,경주국립박물관점 <b>이디야</b> 특색있는 박물관카페,https://blog.naver.com/im_art?Redirect=Log&logNo=222726468047,저는 달고나라떼 신랑은 청포도 음료 주문했어요 이곳에는 아기의자도 있어요 아기와 같이온 손님도 배려해주는 <b>이디야</b> 카페 아주좋아요 음료도 맛있었습니다 <b>이디야</b>만의 특색있는 빵도 팔아서 더... ,스노우볼 만들기,https://blog.naver.com/im_art,20220509
40,<b>이디야</b> 커피 아이스 아메리카노,https://blog.naver.com/dude_72?Redirect=Log&logNo=222759419492,방문한 '<b>이디야</b> 커피' 주문은 '아이스 아메리카노 extra' 커피 체인점 중 가장 많은 체인점을 보유하고 있기에 전국 웬만한 도시에는 '<b>이디야</b>커피'를 만날 수 있다. 커피 맛도 제대로 모르지만 어느새 '얼죽아'가... ,◎..◎;;;,https://blog.naver.com/dude_72,20220604
41,디저트_<b>이디야</b>감자칩 크리미초코감자쿠키 스낵,https://blog.naver.com/amurojiha?Redirect=Log&logNo=222727478334,#단짠 #<b>이디야</b> #<b>이디야</b>스낵 #<b>이디야</b>감자칩 #<b>이디야</b>초코감자쿠키 #<b>이디야</b>초코감자칩 EDIYA SNACK 크리미초코 감자 쿠키 커피☕️로 유명한 <b>이디야</b>는 상상을 초월하는 수준의 다양한 메뉴들로 소위 카페... ,폴댄스코리아-핀업스타 윤보현_먹뽀현,https://blog.naver.com/amurojiha,20220510
42,춘천 석사동 카페 <b>이디야</b> 엔타점 신메뉴 여름사냥 달고나... ,https://blog.naver.com/mistuki07?Redirect=Log&logNo=222813312987,"바로 <b>이디야</b>가 있는데 마트에서 장을... 보려고 했는게 생각보다 살게 없어서 바로 올라와서 메가박스... 얼른 <b>이디야</b> 입점ㅋ 옆에 앤티앤스 프레즐이 있었는데, 매장이 약간 좁고 프레즐은 안먹을거라 춘천... ",서쪽의 웨스트에서 불어오는 바람의 윈드,https://blog.naver.com/mistuki07,20220718
43,[2022.06.11] 경주 2일차_생콩 우거지탕+국립경주박물관 <b>이디야</b>,https://blog.naver.com/khj900413?Redirect=Log&logNo=222779632242,(그래서 사진이 없음..ㅠ) 더위도 피할 겸 겸사겸사 국립경주박물관에 있는 <b>이디야</b> 고고 우리가 시킨 건... <b>이디야</b> 경주박물관점에서만 만날 수 있는 신라의 미소 마들렌 혹시 몰라서 쑥 마들렌 하나만 샀는데... ,Hazzy&apos;s Think Tank,https://blog.naver.com/khj900413,20220619
44,<b>이디야</b>커피 신메뉴,https://blog.naver.com/bonjour82?Redirect=Log&logNo=222722975703,"<b>이디야</b> 신제품이 나왔다. 원래 컴포즈랑 메가커피, 빽다방 위주로 다니는데 30%정도 저렴한 가격으로... #내돈내산 #<b>이디야</b>신메뉴 #믹스치노 *시럽 어플이나 <b>이디야</b> 어플에 가끔 할인쿠폰 뜨니 활용하기 원래... ","본(本, born, see)",https://blog.naver.com/bonjour82,20220506
45,"메이플 넛 브레드, 아메리카노와 잘 어울려 : <b>이디야</b>커피... ",https://blog.naver.com/insung1214?Redirect=Log&logNo=222797877216,"<b>이디야</b>커피 강릉강문해변점, 주차장 자리가 부족할줄 알고 오는내내 살짝 불안했었는데요, 자리가... #강릉 #강릉경포대 #경포대해수욕장 #강릉강문해변 #강릉강문해변카페 #<b>이디야</b>카페강문해변 #메이플넛브레드",코리아 롱비치 14,https://blog.naver.com/insung1214,20220702
46,"<b>이디야</b> 1인빙수 포장 망고 딸기 요거놀라 5900원, 앱쿠폰 천원.",https://blog.naver.com/jyih0702?Redirect=Log&logNo=222750127125,아깝고 <b>이디야</b>앱에 비씨카드로 오더하면 할인된다고 하는데 선착순이라 그런가 할인 안되고ㅡㅡ 네이버 <b>이디야</b> 주문도 근처매장에는 안 되고ㅡㅡ 결국 <b>이디야</b> 앱에서 주는 1천원 빙수쿠폰만 사용함.... ,딸둘 엄마,https://blog.naver.com/jyih0702,20220528
47,양산석산 <b>이디야</b>/아인슈페너 핸드 드립커피 페르소나 블렌드... ,https://blog.naver.com/amj5356?Redirect=Log&logNo=222751227366,<b>이디야</b> 아메리카노 쿠폰이 생겨서 동네 <b>이디야</b> 다녀왔어요 날씨가 요즘 더워서 하루에 몇잔의 커피를 먹는지 저는 아메리카노를 즐기지 않아서 추가금 내고 아인슈페너 변경해서 주문했답니다 울동네 있는... ,왕뽈따구,https://blog.naver.com/amj5356,20220529
48,<b>이디야</b> 카페모카 엑스트라 마셨더니 휘핑이 엄청 달아요,https://blog.naver.com/wjstk6966?Redirect=Log&logNo=222746276633,"잘먹었드아 가족들과 천안으로 놀러갔던 날, <b>이디야</b> 카페모카 엑스트라 마셔보게 되었답니다. (꾸니가... 갑자기 제가 학창시절 때 생각났는데, 저 고등학생때 친구들하고 젤 자주 가던 카페가 <b>이디야</b>거든요... ",혜찜니의 귀염뽀짝 블로그,https://blog.naver.com/wjstk6966,20220525
49,<b>이디야</b> 콤부차 애플베리,https://blog.naver.com/snukks?Redirect=Log&logNo=222838129474,<b>이디야</b>에서 나온 콤부차 애프베리 맛입니다. 집에 있길래 먹어 보았는데 제 스탈이라 올려봅니다.... 제가 제일 좋아했던 바리스타 룰스는 이제 가끔만 먹어줘야겠습니다^^ #<b>이디야</b>콤부차 #콤부차... ,주홍색연구의 블로그,https://blog.naver.com/snukks,20220803
50,<b>이디야</b>커피 - 더블토피넛라떼/ 호떡/ 프레즐,https://blog.naver.com/dksork03?Redirect=Log&logNo=222717574239,&lt;&lt; 오늘은 <b>이디야</b>커피에 오후 5시가 넘어 들렀다. &lt;&lt; 박막례 할머니가 파란색 믹스커피를 열심히... &lt;&lt; 이건 <b>이디야</b>커피에서 아마도 겨울메뉴로 나왔던 꿀호떡. 1500원 &lt;&lt; 오늘 <b>이디야</b>커피를 방문한 이유. 미리... ,에너자이저를 등에 짊어지고 힘차게.,https://blog.naver.com/dksork03,20220501
51,<b>이디야</b> X 단미 올데이브런치 와플메이커 파스텔 핑크 수령 후기,https://blog.naver.com/okuimasami?Redirect=Log&logNo=222758955668,<b>이디야</b> X 단미 올데이브런치 와플메이커 파스텔 핑크 수령 후기 친절하신 사장님께서 갖고 가기 편하게... 마침 최근까지 맛있어서 즐겨 마시던 <b>이디야</b>커피에서 동생과 음료를 열심히 사 마시고 스탬프를... ,몽토의 내일도 꿀맛,https://blog.naver.com/okuimasami,20220604
52,<b>이디야</b> 비누 커피 스크럽 바디바 키트 이벤트 당첨! 수령 후기,https://blog.naver.com/wogur0217?Redirect=Log&logNo=222761756777,하듯 <b>이디야</b>에서 하는 이벤트에 당첨되었어요 조건이 개인컵 주문을 많이 하는 걸로 알고 있는데... 단골 <b>이디야</b> 매장에 수령 예약 후 <b>이디야</b> 커피 스크럽 바디바 KIT를 수령했습니다! 처음에 제품을 잘 몰라서... ,"상상의 ""스마트잇(Smart IT)""",https://blog.naver.com/wogur0217,20220606
53,암사 조용한 카페: 암사역 <b>이디야</b>커피,https://blog.naver.com/kk100011?Redirect=Log&logNo=222836578428,간단하게 저녁때울겸 책읽을겸 방문한<b>이디야</b>커피. <b>이디야</b>1번출구 인근에 있어서 찾아가기 쉽다. 개인적으로 눈치안보고 노트북이나 책보려면 이런체인점 카페가좋다. 워낙 요새 저렴하고양많은... ,위로하며 살기,https://blog.naver.com/kk100011,20220801
54,아샷추 빽다방 <b>이디야</b> 봄봄 비교 + 만들기,https://blog.naver.com/lmml0228?Redirect=Log&logNo=222744519905,"빽다방 <b>이디야</b> 봄봄 아샷추 비교 출근길에 봄봄과 <b>이디야</b>, 빽다방이 있어 매일 아침 한곳씩 들려서 야삿추 주문 후 비교해봤어요 빽다방 야삿추 가격 2500원 카페인 93mg / 칼로리 265kcal / 당류 63g 다른 카페는... ",집사의 어느날,https://blog.naver.com/lmml0228,20220524
55,<b>이디야</b> 콜드브루 스틱 간편하고 깔끔한 맛,https://blog.naver.com/heeju7026?Redirect=Log&logNo=222727340920,"이번에 구입한 <b>이디야</b> 콜드브루 스틱을 소개 드립니다. 콜드브루가 생소하신 분들을 위해 간단히 소개... 홈플러스 온라인몰에서 <b>이디야</b> 콜드브루 스틱 1+1 행사하길래 주문해 봤습니다. 스틱 200개를 25,000원에... ",취향단편집,https://blog.naver.com/heeju7026,20220510
56,강남데이트 오랜만에 역삼카페 <b>이디야</b>랩,https://blog.naver.com/irenesumi?Redirect=Log&logNo=222727095664,#주차편한 #역삼카페 라서 주차장이 더 유명한 #<b>이디야</b>랩 개인적으로도 #강남<b>이디야</b>랩 큰 대로편에 있어서 강남골목운전 안해도 되고 #강남주차 제일 편한 카페라서 종종 찾게된답니다.... ,소소한 35% 문쑴 log,https://blog.naver.com/irenesumi,20220510
57,이마트 추천상품 <b>이디야</b> 스무디 딸기바나나는 품절템!!,https://blog.naver.com/98728652?Redirect=Log&logNo=222752730786,"하는데요~ <b>이디야</b>커피에서 각종 과일을 사용해서 한 끼 식사 대용으로 마시기 좋은 병주스 <b>이디야</b> 스무디 딸기＆바나나, 귀리＆바나나＆당근, 레드 용과 3종이 출시되었더라고요!! 제가 한방 늦었는지 보통... ",후니로니네 즐거운 리얼Story,https://blog.naver.com/98728652,20220530
58,네스프레소 호환 캡슐 / <b>이디야</b>커피 캡슐,https://blog.naver.com/uiicu?Redirect=Log&logNo=222731180342,<b>이디야</b> 커피 캡슐 사진. 글_손두부 우연히 커피 마시러 갔다가 캡슐 발견! 샘플 3가지 맛이 증정으로... 취) <b>이디야</b> 캡슐과 네스프레소 캡슐 추출 후 비교! 네스프레소 알루미늄 케이스라 구멍이 뽕! 표시.... ,두부네 일상,https://blog.naver.com/uiicu,20220513
59,상무지구카페 <b>이디야</b> 광주상무중앙점_<b>이디야</b>커피,https://blog.naver.com/junge0923?Redirect=Log&logNo=222721373687,상무지구카페 <b>이디야</b> 광주상무중앙점_<b>이디야</b>커피 요즘 제가 제일 좋아하는 카페인 #<b>이디야</b> 실은 배달로만 시켜서 먹다가 이번에 상무지구에 볼일이 있어서 잠깐 들려서 쉬다가 왔습니다 :) 아침이라서 사람도... ,마음이 핫쿵한다!,https://blog.naver.com/junge0923,20220505
60,포항 <b>이디야</b>,https://blog.naver.com/dbstj1228?Redirect=Log&logNo=222820902711,포항 <b>이디야</b> 뒤 배경이 이쁘다 해서 가다가 들러서 커피 마심 창밖 배경 눈이 다 시원해진다 배경을 바탕으로 사진 찍어도 넘 이쁘다 커피도 맛나게 먹고 행복 그 자체네 #포항<b>이디야</b>#포항화진점#<b>이디야</b>#잘먹었다... ,행복이 가득한 일상,https://blog.naver.com/dbstj1228,20220720
61,<b>이디야</b> 커피에서 토피넛라떼와 허니브레드 후기,https://blog.naver.com/daelimuc?Redirect=Log&logNo=222527162685,"오늘은 <b>이디야</b>의 인기 메뉴인 토피넛 라떼를 마셔봤습니다. 오늘 방문한 <b>이디야</b>는 저희 집과 가장 가까운 안산초지점이고, 오늘은 전에 받은 기프티콘으로 음료를 주문했습니다. 받은 기프티콘은 다른 메뉴인데... ",대림대학교 공식 블로그,https://blog.naver.com/daelimuc,20211006
62,학동역 <b>이디야</b> 건설회관점 - 콜드브루 화이트비엔나,https://blog.naver.com/caeliflos?Redirect=Log&logNo=222730248504,학동역 <b>이디야</b> 건설회관점 - 콜드브루 화이트비엔나 학동역 근처 있는 <b>이디야</b> 건설회관점을 방문했어요. 학동역 쪽에는 <b>이디야</b>커피랩 본점이 있어서인지 학동역 주변으로 <b>이디야</b>가 꽤 있는데 그 중 하나인.... ,♡ caeliflos ♡,https://blog.naver.com/caeliflos,20220512
63,<b>이디야</b>커피 디저트 : 토피넛 크로플,https://blog.naver.com/insung1214?Redirect=Log&logNo=222750064981,"참새가 방앗간을 그냥 지나칠수 없듯이 <b>이디야</b>커피 매장안으로 들어갑니다. 주말 이른 아침시간이라... '딸기야, 아빠도 고마워' 결론은, <b>이디야</b>커피 토피넛 크로플 맛있습니다!! #<b>이디야</b>커피... ",코리아 롱비치 14,https://blog.naver.com/insung1214,20220528
64,[발산역]<b>이디야</b>커피 강서 NC점 /제주청귤 차.,https://blog.naver.com/qwerdf15?Redirect=Log&logNo=222836238703,강서 NC 백화점 바로 옆에 있는 <b>이디야</b> 카페를 다녀왔었어요. 발산역 3번출구에서 직진-&gt; 파리바게뜨가... 매장 외관 찍은 줄 알았더니 사진이 없네요..ㅠ 뚜르르르ㅠㅠ (<b>이디야</b> 외관사진 없어서 생략)... ,자유로움이 좋은,https://blog.naver.com/qwerdf15,20220801
65,가평 청평 맛집 / 나들이 가는 길 들린 청평그린휴게소 / <b>이디야</b>... ,https://blog.naver.com/dpfls080?Redirect=Log&logNo=222773352669,제육이랑 돈가스 다먹고 나왔어요ㅋㅋㅋ 진짜 존맛탱 바로 옆에는 <b>이디야</b> 가평대성점이 있어요!... #가평맛집 #청평맛집 #대성리맛집 #가평카페 #청평카페 #대성리카페 #청평그린휴게소 #<b>이디야</b>가평대성점,시오시작,https://blog.naver.com/dpfls080,20220615
66,샷 추가 테이크아웃해서 더욱 고소하게 즐긴 <b>이디야</b> 커피,https://blog.naver.com/redst2015?Redirect=Log&logNo=222752683978,<b>이디야</b>커피 쿠폰이 생겨서 근처로 테이크아웃을 하러 갔답니다 지친 일상 중 카페에 가서 잠시나마 여유를 즐기는 것도 좋은 것 같아요 일하다가 잠시 우체국에 들려야 해서 왔는데요 마침 뒤편에 <b>이디야</b>커피가... ,분당 자동차멀티샵,https://blog.naver.com/redst2015,20220530
67,<b>이디야</b>커피 디카페인 콜드브루 니트로 4200원 : 진짜 흑맥주... ,https://blog.naver.com/insung1214?Redirect=Log&logNo=222771225090,<b>이디야</b>커피 콜드브루 니트로 점심식사 후에 좀 덥네요. 산책겸 운동겸 해서 밖에 외출합니다. 잠시 걸으니 더워집니다. 생수 챙기는걸 깜빡했어요. 어느새 습관처럼(?) <b>이디야</b>커피 매장을... ,코리아 롱비치 14,https://blog.naver.com/insung1214,20220613
68,<b>이디야</b> &quot;크림샷 라떼 &quot; 신상음료 후기,https://blog.naver.com/milanosaurus?Redirect=Log&logNo=222722897335,#<b>이디야</b>마곡점 Tel: 02-3662-4121 위치: 서울 강서구 마곡동 773-3 현대 힐스테이트 에코동익 131호 영엽시간... 이동하는데 <b>이디야</b>로 들어가기로 했다! 안그래도 신 메뉴가 들어왔다는 소식에 솔깃해진 나. 새로운... ,미류의 맛집 탐방,https://blog.naver.com/milanosaurus,20220506
69,블루온<b>이디야</b> 캠페인 당첨 (영등포에이스점),https://blog.naver.com/antonina?Redirect=Log&logNo=222723543752,안녕하세요~ 오늘은 <b>이디야</b> 매장에서 내컵사용 하니 선물이 당첨된! 행복한 후기를 남겨 봅니다. 회사1층에 위치한 <b>이디야</b>커피 영등포에이스점! 얼마전 푸른바다를 위한 동행 : 블루온<b>이디야</b>캠페인 이벤트가... ,친절한 안또의 일상 이야기,https://blog.naver.com/antonina,20220507
70,이마트 신상! <b>이디야</b> 스무디 과일주스로 간단한 아침,https://blog.naver.com/meesoda?Redirect=Log&logNo=222752674246,<b>이디야</b>스무디 이마트 신상 품절대란 과일주스 더워진 만큼 늦어지는 아침 기상 덕분에 일정이 매일... 워낙 아침을 안 먹던 편이라서 그런지 조금은 부담되었는데 지금은 가볍게 <b>이디야</b>스무디를 즐겨요.... ,"게으름뱅이그녀의 패션,뷰티",https://blog.naver.com/meesoda,20220530
71,상도역 <b>이디야</b> 팥인절미눈꽃빙수,https://blog.naver.com/phg221?Redirect=Log&logNo=222827345238,이곳은 <b>이디야</b> 상도중앙점. 상도역 성당 지나서 건영아파트쪽에 있다. 생긴지는 꽤 됐는데 한번도 안와봄.. 와보니 인테리어도 깔끔하고 매장이 깔끔해서 좋았다. 그리고 거의 공부하는 사람이 많았다.... ,Enlighten me,https://blog.naver.com/phg221,20220724
72,이마트 과일주스 <b>이디야</b> 스무디 한끼 식사대용으로 좋네요~,https://blog.naver.com/ekfgo95?Redirect=Log&logNo=222752524234,이번에 <b>이디야</b>커피에서 한끼 식사 대용으로 즐기기 좋은 스무디 과일주스를 출시했더라구요! <b>이디야</b>커피만의 제품 개발력에 레시피를 담아 다양한 과채 원료를 블렌딩해 한 병에 담아내었다니 그 맛이 또... ,일리야 라이프스타일,https://blog.naver.com/ekfgo95,20220530
73,아이스커피 맛있게 먹는 방법 : <b>이디야</b>커피 남양주평내점,https://blog.naver.com/insung1214?Redirect=Log&logNo=222754240465,카페 아메리카노 with 아이스 <b>이디야</b>커피 남양주평내점 매장에서 아이스 아메리카노 주문했습니다.... <b>이디야</b>커피 남양주평내점이 롯데리아 윗층에 있음 (2층) 늦은 점심식사로 제주은희네해장국 내장탕... ,코리아 롱비치 14,https://blog.naver.com/insung1214,20220531
74,<b>이디야</b>커피 - 달고나라떼,https://blog.naver.com/dksork03?Redirect=Log&logNo=222708149413,있는 <b>이디야</b>커피에서 잠시 쉬기로. 저번에 깜박한 프레즐도 사야함+_+ &lt;&lt; 테이블과 의자가 마음에 든다.... #<b>이디야</b>커피 #달고나라떼 #<b>이디야</b>커피달고나라떼 #<b>이디야</b>달고나 #용정동 #금천동 #내돈내산,에너자이저를 등에 짊어지고 힘차게.,https://blog.naver.com/dksork03,20220422
75,북한강 키즈카페 <b>이디야</b> 아이랑 가기 좋은 카페,https://blog.naver.com/chjumi82?Redirect=Log&logNo=222838482431,<b>이디야</b> 북한강점으로 다녀왔답니다 ~ 사실 둘째 태어나기전에 첫째랑 한 번 다녀왔던... ㅋ <b>이디야</b> 북한강점으로 입장하기 위해 2층으로 올라갔어요. 주말이 되면 사람들이 정말 많이 찾는 곳이라 평일에는... ,6년차 전업주부!! 투공주맘의 소소한 소확행,https://blog.naver.com/chjumi82,20220803
76,[대구 가볼 만한 곳] <b>이디야</b>커피 대구봉산문화거리점,https://blog.naver.com/akim143?Redirect=Log&logNo=222753350772,"외출했다가 더위를 피해 카페에서 시간을 보내기도 하는데, 이번에는 동성로에서 조금 벗어나 봉산문화거리에 위치해 있는 <b>이디야</b>커피 대구봉산문화거리점을 다녀왔습니다. <b>이디야</b>커피... ",지노빌리의 공간,https://blog.naver.com/akim143,20220602
77,원주 태장1동 <b>이디야</b> 원주현충로점 오픈했어요,https://blog.naver.com/boram1219?Redirect=Log&logNo=222711754997,태장1동에 오픈한 <b>이디야</b>에 다녀왔어요. 한 달 전 오픈 현수막을 보고 궁금했는데 여름이 올 듯 더워지니 딱 맞춰 오픈한 동네 <b>이디야</b>. 위치는 현충로 11 태장메디컬센터 건물이네요 채선당과 명성메디컬센터... ,♧영원히 먹는 블로거 ☆,https://blog.naver.com/boram1219,20220426
78,<b>이디야</b> 콤부차 : 복숭아망고 드디어 마셔봄 [당분간 아파서... ,https://blog.naver.com/wedding859?Redirect=Log&logNo=222767934084,병원앞에 <b>이디야</b>로 직행 ㅋㅋㅋㅋㅋ 이비인후과 대각선에 <b>이디야</b>가 있다 tmi인가 요며칠 커피를 못마시면 나에겐 <b>이디야</b>콤부차가 있지요!! 늘 마시는 <b>이디야</b>콤부차 청포도레몬 말고 복숭아망고를 드디어 한번... ,내공간,https://blog.naver.com/wedding859,20220610
79,<b>이디야</b> 커피 도래울 원흥도내동점,https://blog.naver.com/ariel_0402?Redirect=Log&logNo=222709543602,하고 돌아다니다가 발견한 <b>이디야</b> 커피 테이크아웃은 자주 했는데 매장 안에서 마신 건 오랜만! 친구가 보내준 음료 세트 기프티콘이 있어서 사용할 겸 겸사겸사 방문! * <b>이디야</b>커피 원흥도내동점 자세한 위치는... ,알라미의 블로그,https://blog.naver.com/ariel_0402,20220424
80,[<b>이디야</b> 북한강] 경치보고 커피도 마시고 애도 놀고 다 할 수... ,https://blog.naver.com/maystarr?Redirect=Log&logNo=222838250256,#아이랑 오늘도 어디가나 고민된다면 #<b>이디야</b>북한강 이곳을 가보는 것도 좋을 것 같다 왜냐면 분명 커피숍인데 키카처럼 되어있으니까~~ 음료를 시키면 놀이방을 이용할 수 있는 듯하다 양심에 따라 1인 1잔 물론... ,똘씨네,https://blog.naver.com/maystarr,20220803
81,집근처에 <b>이디야</b> 생겼네.,https://blog.naver.com/yon_ab?Redirect=Log&logNo=222826768845,동네 세븐일레븐이 있던 곳에 <b>이디야</b>가 생겼다. <b>이디야</b> 강동성내점이다 ㅎㅎ 낼 오픈한다고 세일을 하나보다. 이런때 좀 사서 얼집에 보낼까?? #<b>이디야</b>강동성내점 동욱이 태권도장 밑이라는~ 곧 이사가지만... ,Amber_Kim,https://blog.naver.com/yon_ab,20220724
82,<b>이디야</b> 과카몰리 샌드위치 추천 메뉴!,https://blog.naver.com/ittravel?Redirect=Log&logNo=222711483120,오랜만에 <b>이디야</b> 매장을 방문하였어요. 주문하려고 키오스크 앞에 섰는데 입간판이 보이더라구요. 전에... 그런데 <b>이디야</b> 아아가 이렇게 맛있었나요. 오늘따라 너무 맛이 있어서 놀랐네요. 아주 건강한... ,it Travel,https://blog.naver.com/ittravel,20220426
83,<b>이디야</b>추천메뉴 망고빙수 팥인절미 1인빙수 포장,https://blog.naver.com/kyujin0930?Redirect=Log&logNo=222828199348,"메뉴는 참고 2022년 7월 24일기준이예요 <b>이디야</b>에 갔더니 혼자서도 먹기좋은 1인 빙수를 판매하더라고요 :-) 종류는 팥인절미/망고패션요거놀라/딸기피치요거놀라 3가지가 있고 <b>이디야</b>1인빙수 가격은 5,900원... ",깡유로그,https://blog.naver.com/kyujin0930,20220725
84,해물칼국수&gt; / 강화도 동막해변 / 캠핑장 컨셉 &lt;<b>이디야</b> 커피&gt;,https://blog.naver.com/ajumma815?Redirect=Log&logNo=222756729857,"&quot;엄마, 검색해보니 &lt;<b>이디야</b> 커피&gt;가 캠핑장 컨셉이던데 그리로 갈까?&quot; 동막해변 주차장은 주차요금도 받는데 &lt;<b>이디야</b>커피&gt;는 따로 주차장도 있다. 나 같은 귀차니즘은 캠핑 가는 게 쉽지 않은데 이렇게라도 캠핑... ",라임트리&apos;s Blog,https://blog.naver.com/ajumma815,20220602
85,<b>이디야</b> 단미 와플메이커 15잔 먹으러 출동! 바로구매 가능~,https://blog.naver.com/whiteyumi11?Redirect=Log&logNo=222736872149,<b>이디야</b> x 단미 올데이 브런치 와플메이커 <b>이디야</b> 자주 가는 1인이에요 어딜가나 쉽게 볼 수 있기도 하고 노트북 하러 가기 부담없고~ 커피맛도 그렇지만 여기 와플이 짱 맛나서ㅎㅎ 바삭 촉촉하고 달콤한게... ,♥ 씽또의 달콤한 여행 그리고 일상♥,https://blog.naver.com/whiteyumi11,20220518
86,기장 해동용궁사 feat. <b>이디야</b> 카페,https://blog.naver.com/jinidag?Redirect=Log&logNo=222773042099,해동용궁사 길 초입에 있는 #<b>이디야</b>커피 사실 기프티콘이 있어서 들어간 건데 테라스도 있고 화장실이 깨끗해서 좋았어요. 기념품 파는 곳이 꽤 있어서 구경하는 재미도 있었답니다. ^^* 2022.05.31 HAEDONG YONGGUNG... ,프릴의 데일리로그,https://blog.naver.com/jinidag,20220614
87,"스타벅스 <b>이디야</b> 빽다방 텀블러 할인, 개인컵 리워드",https://blog.naver.com/cutebabo?Redirect=Log&logNo=222641704072,<b>이디야</b> 텀블러 할인 <b>이디야</b>도 제가 자주 방문하는 프랜차이즈 카페인데요. <b>이디야</b>에서는 '개인컵 할인'이라는 이름으로 200원 할인이 적용됩니다. 스타벅스보다는 가격이 착하기 때문에 200원을 할인받아도... ,프롬더레인의 “그냥 기분좋게”,https://blog.naver.com/cutebabo,20220208
88,멋진 호텔 :  에버미라클 호텔 (feat. <b>이디야</b>  밀양얼음골점),https://blog.naver.com/chardad?Redirect=Log&logNo=222759385912,"주차는 호텔 바로 앞에 6대 정도, 좀 더 올라가면 <b>이디야</b>커피 매장 앞쪽에 넓은 주차 공간이 있습니다. 호텔에서 한눈에 얼음골이 보입니다. 좌측은 호텔, 우측은 <b>이디야</b>커피 밀양얼음골점 입니다. 이... ",찰리아빠의 블로그,https://blog.naver.com/chardad,20220604
89,점짜리 텀블러를 사용하고 있나요? (Feat. <b>이디야</b> X 미르텀블러),https://blog.naver.com/ediya-coffee?Redirect=Log&logNo=222649480387,"오늘 출시된 <b>이디야</b> X 미르텀블러는 미르(miir)만의 특별한 기술로 뛰어난 보온력과 보냉력을... <b>이디야</b> X 미르텀블러는 어디에서나 볼 수 있는 뻔한 컬러가 아닌, <b>이디야</b>에서만 만나볼 수 있는 세 가지의 독특한... ",이디야커피 공식 블로그,https://blog.naver.com/ediya-coffee,20220217
90,<b>이디야</b> 생과일 토마토주스/<b>이디야</b> 생과일 수박주스/<b>이디야</b>... ,https://blog.naver.com/kimceo99?Redirect=Log&logNo=222752040153,<b>이디야</b>에 작년에 생과일 수박쥬스 맛있에 먹었던 기억이 있는데 이번에는 토마토까지 추가되어서... 요건 <b>이디야</b> 구운 주먹밥. 가끔 아침에 배고프면 편의점 삼각김밥 한번씩 먹는데 그 특유의 밥맛과 김냄새를... ,아이러니,https://blog.naver.com/kimceo99,20220530
91,<b>이디야</b> 연유 카페라떼 가격 메뉴 칼로리(메뉴판),https://blog.naver.com/dbrrns772?Redirect=Log&logNo=222706049188,그래도 근무중에 차한잔의 당충전으로 힘을 내보기 위해 어디로 갈까 고민하다 <b>이디야</b>로 결정했습니다. <b>이디야</b> 연유 카페라떼 가격 메뉴 칼로리 (메뉴판) 많은 메뉴들이 눈에 들어옵니다. <b>이디야</b>는 커피말고도... ,이지홈샤시,https://blog.naver.com/dbrrns772,20220422
92,[세종/<b>이디야</b>] 조치원 <b>이디야</b>에서 1인빙수 시켜봤어요! (내부... ,https://blog.naver.com/jinmaggie?Redirect=Log&logNo=222774450797,"오늘 소개해 드릴 곳은 세종시 조치원읍에 있는 <b>이디야</b>커피 조치원침산점입니다~! 조치원침산점은... 저도 <b>이디야</b>가면 1인 빙수 먹어야겠어요 ㅋㅋㅋ 딸기, 망고 둘 다 맛있다고 했어요! 아이스티도... ",먀꿈&apos;s Blog,https://blog.naver.com/jinmaggie,20220615
93,혀끝에서 피어나는 감미로운 봄의 맛 (with. <b>이디야</b> 크림샷 라떼),https://blog.naver.com/ediya-coffee?Redirect=Log&logNo=222687129091,"그래서 준비한 오늘의 메뉴는 <b>이디야</b>에서 야심 차게 준비한 신메뉴 ‘크림샷 라떼’입니다. 봄의 부스터가 되어줄, 크림샷이 듬쁙 올라간 이 메뉴라면 분명 우리의 몸을 깨워줄 수 있을 거예요. 넛잘알 <b>이디야</b>가... ",이디야커피 공식 블로그,https://blog.naver.com/ediya-coffee,20220331
94,<b>이디야</b>커피 - 아이스 카푸치노,https://blog.naver.com/caeliflos?Redirect=Log&logNo=222745132392,"<b>이디야</b>커피 - 아이스 카푸치노 날씨가 점점 더워지는 5월, <b>이디야</b> 건설회관점을 방문했어요. 주문한 커피는 아이스 카푸치노. <b>이디야</b> 아이스 카푸치노의 가격은 3700원이에요. 컵홀더를 빼서 보니 카푸치노가 더... ",♡ caeliflos ♡,https://blog.naver.com/caeliflos,20220525
95,"<b>이디야</b> 1인빙수(팥인절미,망고패션,딸기피치요거놀라)",https://blog.naver.com/kimeunjin33?Redirect=Log&logNo=222741907787,"(빙수 좋아함) 영화 보기 전 시간이 남아 영화관 앞에 있는 <b>이디야</b> 빙수 포스터에 홀린 듯 들어와 주문!! 2022 <b>이디야</b> 1인 빙수 (5,900원) 팥 인절미 1인 빙수 딸기피치요거놀라1인빙수 망고패션요거놀라1인빙수 2022... ",스윗포타토킴의 다이어트&먹로드 이야기 &apos;-&apos;,https://blog.naver.com/kimeunjin33,20220522
96,6월 22일 티데이 멤버십 혜택/던킨/<b>이디야</b>생과일음료/도미노피자,https://blog.naver.com/saranghea41?Redirect=Log&logNo=222782925803,"혜택은 <b>이디야</b> 생과일 음료(R) 50%할인 생과일 토마토주스(R), 생과일 수박주스(R) 중 택1 쿠폰등록기간:2022.06.22(수)~25일(토) 쿠폰사용기간은 쿠폰 등록일 포함 4일이내 사용 가능 <b>이디야</b> 멤버스 앱에서 쿠폰... ",건전지의 리뷰놀이터,https://blog.naver.com/saranghea41,20220621
97,<b>이디야</b>커피 창원감계점 깨끗하고 크로플이 맛있어요,https://blog.naver.com/miseon79?Redirect=Log&logNo=222838599704,아아랑 로고랑 넘 어울려서 <b>이디야</b>커피 창원감계점 깨끗하고 크로플이 맛있어요 딸이랑 와서 초코칩플랫치노 아메리카노 <b>이디야</b>커피 창원감계점 주소 : 창원시 의창구 북면 감계로 188번지 58 영업시간: 9:00~21:30... ,미미네 다이어트레시피 등산,https://blog.naver.com/miseon79,20220803
98,<b>이디야</b> 개인컵 할인 &amp; 빽다방 텀블러 할인,https://blog.naver.com/cutebabo?Redirect=Log&logNo=222743478726,지난 3~4월에 <b>이디야</b>에서는 개인컵을 가장 많이 사용한 2천명에게 선물을 주는 이벤트를... <b>이디야</b> 이벤트에 당첨되어 톤28과 콜라보한 커피 스크럽 키트 제품을 받았습니다. 어쨌든 <b>이디야</b>에서도 좋은... ,프롬더레인의 “그냥 기분좋게”,https://blog.naver.com/cutebabo,20220523
99,춘천 예쁜카페 춘천 칠전동카페 <b>이디야</b> 춘천포레스트점,https://blog.naver.com/mingorange?Redirect=Log&logNo=222836159457,"[내돈내산]춘천 예쁜카페 춘천 칠전동카페 <b>이디야</b> 춘천포레스트점 강원 춘천시 옛경춘로 610 (온의동 427-4) 춘천에 생긴 지는 꽤 됐지만, 이번에 처음 가 본 <b>이디야</b> 포레스트점 왜 포레스트지? 했는데 안에... ",밍고의 일상블로그,https://blog.naver.com/mingorange,20220801
0,"<b>이디야</b> 크림샷라떼, 또 먹고싶은 JMT 신메뉴",https://blog.naver.com/al_dente?Redirect=Log&logNo=222707092061,새로나온 <b>이디야</b> 크림샷라떼 왠지 끌려길래 월요일에 먹어보았습니다! 거의 매달 페이코인 EDIYA... *_* Feel mellow 봄의 감미로움을 만끽할 수 있는 Nutty Espresso Cream 분위기 있는 <b>이디야</b> 신메뉴 포스터를... ,자두자두자몽의 푸드몽,https://blog.naver.com/al_dente,20220421
1,<b>이디야</b>커피 - 신상 크림샷 라떼/ 콤부차 복숭아망고,https://blog.naver.com/dksork03?Redirect=Log&logNo=222705253216,"집에 가기 전에 <b>이디야</b>커피에 다녀왔다. 식당/ 양궁장/ <b>이디야</b> 모두 용정동인데 걸어서 다녀오기는 애매한 거리ㅋㅋ &lt;&lt; 내가 가는 <b>이디야</b>커피 용정점은 월요일이 휴무. 주차도 되고 깔끔, 친절해서 <b>이디야</b>는... ",에너자이저를 등에 짊어지고 힘차게.,https://blog.naver.com/dksork03,20220419
2,경포대 갔다가 다녀온 강릉 카페 - <b>이디야</b> 커피 강릉강문해변점 -,https://blog.naver.com/camizo?Redirect=Log&logNo=222738437996,"곳, <b>이디야</b> 커피 강릉강문해변점였어요. 영업시간 : 매일 오전 8시 ~ 밤 10시 (라스트오더 밤 9시 15분) 앞쪽 건물들이 있는 곳 건너편에 멋진 강문해변이 있는 곳에 위치한 <b>이디야</b> 커피였어요. 정작 건물에서는... ",★빠블리부부의 라라캠핑★,https://blog.naver.com/camizo,20220519
3,2022년 우리의 첫 빙수는 <b>이디야</b>에서 시작.,https://blog.naver.com/cyberlife_jh?Redirect=Log&logNo=222726707730,태권도장 근처에 <b>이디야</b>로 고고! 빙수가 개시된거 맞나 싶었는데 다행히 파네~ 크게 나오는건... 5.9. #2022년팥빙수개시 #<b>이디야</b>1인빙수 #<b>이디야</b>빙수맛있다 #맛있는게많은세상아름다운세상 #땀흘리고먹는빙수,남이 아닌 내가 원하는 삶으로 행복에 초점을 맞추자,https://blog.naver.com/cyberlife_jh,20220510
4,5월 일상/엑설런트콘/<b>이디야</b> 눈꽃빙수 팥인절미,https://blog.naver.com/irelsuga?Redirect=Log&logNo=222753414118,ㅋㅋㅋㅋㅋㅋㅋㅋ애껴먹어야돼 ㅋㅋㅋㅋㅋㅋㅋ 뭐 죄다 애껴먹는 일상이네 ㅋㅋㅋㅋㅋ <b>이디야</b>... 빙수의 계절 시작ㅋㅋ <b>이디야</b>커피 IBK고객센터점이엿는데 ㅋㅋ 여기 넓구 쾌적하고 시원하고 짱 좋앗다. ㅋㅋ... ,깐따삐야★,https://blog.naver.com/irelsuga,20220531
5,<b>이디야</b> 먹거리 모음 - <b>이디야</b>에서 이런걸 판다고?,https://blog.naver.com/thfk5042?Redirect=Log&logNo=222705029689,아 요즘 이디얔ㅋㅋㅋㅋㅋㅋㅋㅋㅋㅋㅋㅋ 판매하는거 제품군 미챴어욬ㅋㅋㅋㅋㅋㅋㅋ <b>이디야</b>에서 이런걸 팔아???싶은게 다 있어요! 친구가 <b>이디야</b>에서 주먹밥이나 사먹어야겠다~ 이러길래???응??????이러면서... ,Rasso day,https://blog.naver.com/thfk5042,20220419
6,가성비 좋은 <b>이디야</b> 디저트 메뉴,https://blog.naver.com/0ver1004?Redirect=Log&logNo=222724826300,원래 먹고 싶은 거 못 먹으면 계속 생각나잖아요~ 이리저리 검색하다가 <b>이디야</b> 커피에서 베이글을 파는... <b>이디야</b> 커피의 빵들이 가격이 너무 저렴해서 놀랐어요. 음료 종류도 많은데 빵도 이렇게 다양한 줄... ,콩이네집,https://blog.naver.com/0ver1004,20220508
7,공부하기 좋은 카페 <b>이디야</b>,https://blog.naver.com/jd5653?Redirect=Log&logNo=222698053892,신촌 로터리점 <b>이디야</b>는 인테리어가 몇 년째 그대로다. 그래서 더 정겨운 곳이다. 이곳에 오면 몇 년 전... <b>이디야</b> 신촌로터리점은 1인 테이블도 있고 다인용도 있지만 테이블 크기가 아주 크지 않아서 자리를... ,사계절모두봄,https://blog.naver.com/jd5653,20220411
8,<b>이디야</b> 딸기 메뉴 생딸기 연유 플랫치노 갸존맛,https://blog.naver.com/nddoo_?Redirect=Log&logNo=222640437641,"타협했읍니다요,, <b>이디야</b> 딸기 메뉴로 이 욕구를 잠재우기로,, 시즌 메뉴에 정을 안 붙이려 했음+ 시즌 메뉴에 과일 들어가면 죄다 냉동 과일이라 맛머리 없어서 안 먹으려했는데,, 아니,, <b>이디야</b> 딸기 음료... ",뚜뚜뚜루뚜뚜뚜뚜,https://blog.naver.com/nddoo_,20220206
9,오 꽤 특별하였던 <b>이디야</b> 비트 오렌지 주스,https://blog.naver.com/wjstk6966?Redirect=Log&logNo=222701355350,"<b>이디야</b> 비트 오렌지 주스 마셔보았는데 맛이 그렇게 달지 않고 착즙한 과즙향이 나가지고 부담... <b>이디야</b> 비트 오렌지 주스 아래에 보면 어느정도의 비율이 들어갔는지 적혔는데요. 레드비트 60에, 오렌지... ",혜찜니의 귀염뽀짝 블로그,https://blog.naver.com/wjstk6966,20220415
10,강남구청역 카페 <b>이디야</b> 커피 무료 사이즈업 이벤트,https://blog.naver.com/rano_0114?Redirect=Log&logNo=222717606967,요즘 내가 꽂혀있는 곳은 강남구청역 인근에 있는 <b>이디야</b> 커피이다. <b>이디야</b> 커피는 워낙 체인이기도 하고 가성비 커피로 인기가 있는 가게이기에 어디에 있든지 장사가 잘되는 것 같다. 강남구청역 <b>이디야</b>... ,Rano의 멋대로 살아가기,https://blog.naver.com/rano_0114,20220502
11,<b>이디야</b>커피 울산청량점 덕하점,https://blog.naver.com/shine1225?Redirect=Log&logNo=222724680502,요것은 연유 콜드 브루 라는 달달달한걸 좋아하니까 한잔 요런거는 아래를 슉슉 잘 저어서 마셔야 하고 그그 뭐냐 #스벅에 #돌체라떼가 유명하다면 <b>이디야</b>엔 요것이 와따지 시원하게 쭈욱... ,윤쥬뷰의 리뷰블로그,https://blog.naver.com/shine1225,20220508
12,주차편한 강남 커피숍 <b>이디야</b> 커피랩! 빵도 맛있어요~,https://blog.naver.com/marin35?Redirect=Log&logNo=222710744936,샐리예요 강남에 있는 <b>이디야</b>커피랩에 다녀왔어요 <b>이디야</b> 프리미엄 브랜드인 곳이예요 여기는 주차가 편안해서 차있는 분들은 편안하게 이용하는 곳이기도해요 건물 하나를 다 사용하는 <b>이디야</b>커피랩 입구에서... ,샐리의 행복한 일상,https://blog.naver.com/marin35,20220425
13,[춘천카페] 뷰맛집 춘천 <b>이디야</b>,https://blog.naver.com/brainboxer?Redirect=Log&logNo=222811129105,커피도 저렴하고 맛도 쏘쏘 그래서 잘 모르는 지역의 작은 개인 카페보다 선호하게 되는 <b>이디야</b>. 춘천에도 <b>이디야</b>는 많지만 특히 내가 제일 좋아하는 뷰맛집이 있다. 어디가나 야외정원이 좋은 카페는... ,밀착취재,https://blog.naver.com/brainboxer,20220714
14,"1주 (냉면, 소금빵, 휘낭시에, 엽기떡볶이, <b>이디야</b> 초코 프레첼 등)",https://blog.naver.com/ijeong1126?Redirect=Log&logNo=222807956134,"원래는 엽떡 반반 시키는데, 이 날은 떡볶이가 먹고 싶어서 엽떡으로 시킴ㅋㅋㅋㅋ 오랜만에 먹으니 진짜 맛있었따 2022년 7월 9일 <b>이디야</b>에 초코 프레첼이 있길래 먹어보았다. 실온에 두었다가 먹으니 초코가... ",Hailee Beauty,https://blog.naver.com/ijeong1126,20220711
15,부산대 공부하기 좋은 카페 2탄 | 북문 <b>이디야</b>커피(매우 다양한... ,https://blog.naver.com/saj7979?Redirect=Log&logNo=222742573546,북문 <b>이디야</b>커피 포스팅을 해보려고 합니다. 여기도 부산대 공부하기 좋은 카페 중 하나라는 생각이 드는데요. 그래서 제목을 공부하기 좋은 카페 2탄으로 정해 봤습니다. #<b>이디야</b>커피... ,다정다정,https://blog.naver.com/saj7979,20220523
16,<b>이디야</b> 생과일 토마토주스 과연 가격과 맛은?!,https://blog.naver.com/ange15321?Redirect=Log&logNo=222835111961,<b>이디야</b> 생과일 토마토주스  과연 가격과 맛은?! 안녕하세요! 얼마 전 필라테스 끝나고 너무 덥고 목이 마르기도 했는데 잠깐 기다릴 일이 있어서 부담 없이 <b>이디야</b> 갔어요 사실 요즘에는 <b>이디야</b>가 가격이 엄~청... ,예리미티드 에디션✨,https://blog.naver.com/ange15321,20220731
17,<b>이디야</b> 비니스트 스폐셜 에디션 커피 스틱 후기,https://blog.naver.com/jeongsemi88?Redirect=Log&logNo=222708119473,"떨어져서 급하게 쿠*으로 <b>이디야</b> 스틱 커피를 구매했어요. 집 바로 앞에 <b>이디야</b> 커피 매장이 있어서 자주 가는편인데, 스틱커피는 맛이 어떨지 궁금해서 사봤어요. 그럼 지금부터 <b>이디야</b> 스틱커피 리뷰... ",세미로운 생활,https://blog.naver.com/jeongsemi88,20220422
18,<b>이디야</b> 신메뉴 달고나 믹스치노 직접 마셔본 후기,https://blog.naver.com/soqls0321?Redirect=Log&logNo=222711894871,<b>이디야</b> 신메뉴 달고나 믹스치노 직접 마셔본 후기 하루 종일 여기저기 볼일 보느라 밥도 제대로 못... 있는 <b>이디야</b>에 들렀어요. ^^ 아이스 아메리카노를 마시려다가 블로그에 리뷰를 남기는 사람으로서... ,요이삔것의 즐거운 일상,https://blog.naver.com/soqls0321,20220426
19,"<b>이디야</b> 아이스 아메리카노 한... 주문법, <b>이디야</b> 앱 오더, 스탬프... ",https://blog.naver.com/hee_hee_hee?Redirect=Log&logNo=222796243028,근처 <b>이디야</b>에 가서 아이스 아메리카노 한 잔 테이크아웃해서 나왔는데 들어가자마자 느껴지는 쾌적한... 테이크아웃했지만요 <b>이디야</b>는 오랜만에 방문한건데 여기도 다 키오스크 주문으로 바뀌었네요 안... ,♥ 꾱꾱꾱&apos;s 하루하루 ♥,https://blog.naver.com/hee_hee_hee,20220701
20,"흔한 대형마트 브랜드 원두 3종 리뷰 (<b>이디야</b>, 맥널티, 쟈뎅), 칼럼",https://blog.naver.com/copy98?Redirect=Log&logNo=222797586077,"마트에서 쉽게 구할수있는 브랜드 원두 3종 리뷰 맥널티 비엔나 블렌드, <b>이디야</b> 홀빈커피 리무, 쟈뎅... (텁텁+로스팅 -2점) <b>이디야</b> 홀빈커피 에티오피아 리무 저는 홈플러스랑 이마트를 가는데 두곳다 <b>이디야</b>... ",IT매니아의 잇생,https://blog.naver.com/copy98,20220703
21,도밍고 꿀홍차로 <b>이디야</b> 밀크티맛내기,https://blog.naver.com/rojinee?Redirect=Log&logNo=222694429195,밀크티보다는 <b>이디야</b>나 스타벅스에서 판매하는 티백으로 우려낸 밀크티를 좋아합니다. 스타벅스는 값이 좀 나가서 여름철 <b>이디야</b>에 가면 밀크티를 종종 사 마시곤 하는데요. 우연히 알게된 도밍고 꿀홍차로... ,윤군의 통신이야기,https://blog.naver.com/rojinee,20220407
22,<b>이디야</b> 자몽네이블오렌지 메뉴 칼로리(자몽티),https://blog.naver.com/nabbeneye13?Redirect=Log&logNo=222697745029,<b>이디야</b> 자몽네이블오렌지 메뉴 칼로리 (자몽티) 커피 프렌차이즈 중 특별히 좋아하시는 브랜드가... 오랜만에 상큼한 티 종류의 음료가 마시고 싶어서 <b>이디야</b>를 방문했습니다. 커피를 좋아하지 않는 분들에게도... ,이지홈샤시,https://blog.naver.com/nabbeneye13,20220413
23,<b>이디야</b>커피 디카페인 흑당 콜드브루 4000원 : 부드럽고 진한... ,https://blog.naver.com/insung1214?Redirect=Log&logNo=222767465971,"이비인후과 경과보고 진료 같다가 (엊그제 갔더니 역류성 후두염이라고), <b>이디야</b>커피 매장에 잠깐... <b>이디야</b>커피앱에 쿠폰이 생겼네요. #<b>이디야</b>커피 #<b>이디야</b>커피콜드브루 #디카페인흑당콜드브루... ",코리아 롱비치 14,https://blog.naver.com/insung1214,20220610
24,<b>이디야</b> 메뉴 가격 정리 추천 BEST,https://blog.naver.com/yzzzii?Redirect=Log&logNo=222602008695,오늘은 <b>이디야</b> 메뉴를 알아보려고 합니다~ 카페중에 진짜 제일 자주다닌 곳인데 그래서 커피나 음료... <b>이디야</b> 메뉴판 음료 메뉴가격 먼저 에스프레소 커피종류에는 대표적으로 아메리카노가 3200원이에요... ,NAKTA,https://blog.naver.com/yzzzii,20211222
25,드라마 주인공 느낌 살리는 방법 (feat. <b>이디야</b> 트윙클 콜드컵),https://blog.naver.com/ediya-coffee?Redirect=Log&logNo=222780660535,그렇다면 <b>이디야</b>의 새로운 콜드컵을 주목해주세요! 이름하여 ‘트윙클 콜드컵’ 되시겠습니다!... 귀여운 백팩을 메고 한 손에는 <b>이디야</b> 트윙클 콜드컵을 들고 탐스러운 머리를 찰랑이며 거리를 걷는 상상을... ,이디야커피 공식 블로그,https://blog.naver.com/ediya-coffee,20220621
26,<b>이디야</b> 박막례 신메뉴 달고나 믹스치노 배민후기!,https://blog.naver.com/mvsj23fsj3?Redirect=Log&logNo=222705512141,<b>이디야</b>에서 신메뉴가 나와서 리뷰를 해보려고 합니다  예전 살던 집 바로 앞에 <b>이디야</b>가 있어서 그때부터 쭉 이용했거든요. 친구들 사이에서도 유명한 <b>이디야</b> 빠ㅋㅋㅋ.... 믹스커피도 <b>이디야</b> 커피믹스가 있어서... ,가벼운 하루 :: 일상 꿀팁,https://blog.naver.com/mvsj23fsj3,20220419
27,콤부차 도장깨기8 : <b>이디야</b> 콤부차 2종 #내돈내산,https://blog.naver.com/hyakintos90?Redirect=Log&logNo=222714657140,#<b>이디야</b>콤부차 이번에도 당연히 #내돈내산 이구요. 마치 누군가 이 콤부차 도장깨기를 지원해주기라도... 그럼 본격적으로 <b>이디야</b> 콤부차 패키지를 살펴볼까요? 제가 구매한 상품은 콤부차 20스틱과 함께... ,이상 그 이상,https://blog.naver.com/hyakintos90,20220428
28,스타벅스 손수건 에코별 챌린지 리워드 받고 <b>이디야</b>커피 아이스... ,https://blog.naver.com/okuimasami?Redirect=Log&logNo=222773126878,스타벅스 손수건 에코별 챌린지 리워드 받고 <b>이디야</b>커피 아이스 민트 초콜릿 후기 오늘은 스타벅스... 이어서 스타벅스에서 오늘부터 프리퀀시 하나 더 주는 이벤트 중인데 고민하다 <b>이디야</b>커피 아이스 민트... ,몽토의 내일도 꿀맛,https://blog.naver.com/okuimasami,20220614
29,박막례 파란커피 <b>이디야</b>커피 신메뉴 ICED 믹스라떼 후기,https://blog.naver.com/okuimasami?Redirect=Log&logNo=222741907245,박막례 파란커피 <b>이디야</b>커피 신메뉴 ICED 믹스라떼 후기 안녕하세요. 따뜻해서 졸음이 솔솔 오는 일요일 오후네요. 몽토입니다 :) 최근에 즐겨보는 유튜버이신 박막례 할머니께서 <b>이디야</b>와 콜라보 하셔서... ,몽토의 내일도 꿀맛,https://blog.naver.com/okuimasami,20220522
30,<b>이디야</b>커피 용인물푸레마을점 - 신메뉴 <b>이디야</b> 믹스치노,https://blog.naver.com/mpwon13?Redirect=Log&logNo=222725849852,"동네 <b>이디야</b>로.. 가게 전경 패스 매장 내부 겉보기 보다 내부가 넓어서 테이블이 많습니다.. 카페에서 주먹밥도 파네요.. 맛도 독특한 게 까르보나라, 매콤로제.. 오옹.. 토피넛의 성지 <b>이디야</b>... ",Hogpen,https://blog.naver.com/mpwon13,20220509
31,[<b>이디야</b> 목포법원점] 카페라떼 &amp; 블루베리머핀,https://blog.naver.com/jitaizzang?Redirect=Log&logNo=222694085752,[<b>이디야</b> 목포법원점] 카페라떼 &amp; 블루베리머핀 와이프님이 보내준 <b>이디야</b>커피 쿠폰으로 오늘 점심 해결합니다. 특정 제품이 정해져있지 않은 쿠폰같아서 우선 매장 방문해서 먹을거 결정해야겠네요. 제품이... ,"여행, 맛집 그리고 요리 (Moncher Log)",https://blog.naver.com/jitaizzang,20220407
32,남양주 :: <b>이디야</b> 북한강점(플레이키즈),https://blog.naver.com/felizjuliet?Redirect=Log&logNo=222748689201,"북한강 길 따라 드라이브 즐기러 나간 주말 :) 커피를 어디서 마실까 고민하던 찰나, <b>이디야</b>커피 북한강점에 키카가 있다는 남표니의 말에 바로 고고~! 1층 필로티에 주차하고 2층에 올라가니, 엄청 넓은 내부에... ",brillantez ...by HINA,https://blog.naver.com/felizjuliet,20220527
33,[<b>이디야</b>커피 경주시외터미널점] 경주시외버스터미널 카페,https://blog.naver.com/gwonsol?Redirect=Log&logNo=222833543728,있는 <b>이디야</b>커피를 들렀다 들어가는 문은 여기밖에 못쓴다 앞문이랑 뒷문 벌레때문에 막아놓은듯?? 친절한 신사분께서 들어가는 곳을 알려주셨다♂️ <b>이디야</b>커피 경주시외터미널점 영업시간은 오전8시... ,❤위대한 솔맨❤,https://blog.naver.com/gwonsol,20220729
34,<b>이디야</b> 신상메뉴 크림샷라떼 후기 (with 프레첼),https://blog.naver.com/7812woor?Redirect=Log&logNo=222692119994,<b>이디야</b> 신상메뉴 크림샷라떼 후기 (with 프레첼) 안녕하세요 :) 요즘 날이 선선하니 너무너무 좋네요 !!... 픽업하려고 <b>이디야</b>어플로 오더 주문하려는데 새로운 메뉴가 보이더라구요! <b>이디야</b> 신상메뉴 크림샷라떼... ,Pit a pat ෆ,https://blog.naver.com/7812woor,20220405
35,<b>이디야</b> 자몽네이블오렌지 티 레시피 카페메뉴추천,https://blog.naver.com/ekdp31?Redirect=Log&logNo=222712106444,음료는 <b>이디야</b> 커피의 &quot;네이블자몽오렌지&quot; 입니다 <b>이디야</b>의 매출을 전년대비 3배나 껑충! 높여준 메뉴가 바로 네이블자몽오렌지인데요! 얼마나 인기가 좋은지 선물세트도 있고 병음료로도 판매를 하고... ,◆ 너의 그늘 ◆,https://blog.naver.com/ekdp31,20220426
36,남양주 아이랑 가볼만한 곳: 북한강 <b>이디야</b> 키즈카페 (놀이시설... ,https://blog.naver.com/bella2727?Redirect=Log&logNo=222838979094,지난 번 방문했을 때 엄빠 천국을 경험하게 해준 <b>이디야</b> 북한강점. 비 쏟아져 꿉꿉하고 더운 일요일... 듯 :) #남양주키카 #북한강키카 #북한강<b>이디야</b> #<b>이디야</b>북한강 #모션짐 #스케치월드 #물의공원 #피아노분수... ,혼자하는 블로그,https://blog.naver.com/bella2727,20220804
37,<b>이디야</b> 의정부장암역점! 딸기라떼 마시러 가기~~,https://blog.naver.com/mangu357?Redirect=Log&logNo=222709086135,ㅋㅋㅋ 식당 옆에 마침 <b>이디야</b> 커피가 있어서... 들렀는데요~~ <b>이디야</b> 커피 꽤 크죠~~? 여기는... <b>이디야</b>커피 의정부장암역점. 의정부시 동일로 128번길 13 (장암역 1번 출구에서 160m) 커피숍 앞으로 큰 주차장이... ,Always Awake,https://blog.naver.com/mangu357,20220424
38,경주국립박물관 <b>이디야</b>커피 얼굴무늬수막새 마들렌,https://blog.naver.com/pastelmiri?Redirect=Log&logNo=222765757865,"경주에서만 먹을 수 있다던, <b>이디야</b>경주박물관의 얼굴무늬수막새 마들렌 을 맛볼 수 있는 박물관투어!... 자연스럽게 <b>이디야</b>로 이동하는 코스~ 정문으로 들어오면 성덕대왕신종, 일명 에밀레종을 만나고 계속... ","완벽주의자보다, 경험주의자가되자...",https://blog.naver.com/pastelmiri,20220609
39,<b>이디야</b>커피 국립경주박물관점,https://blog.naver.com/anaki69?Redirect=Log&logNo=222680861419,얼마 전 <b>이디야</b>커피가 국립경주박물관에 입점한다는 소식을 국립경주박물관 인스타를 통해... <b>이디야</b>는... 뭐... <b>이디야</b> 이니까요...ㅎㅎㅎ MD 상품으로 월지차도 있고요. 그중 단연 인기가 좋았던 것은 '신라의... ,Bcut과 Acut 사이의 모호함,https://blog.naver.com/anaki69,20220323
40,춘천 칠전동 카페 추천 &apos;<b>이디야</b> 춘천포레스트점&apos;,https://blog.naver.com/soyooniii?Redirect=Log&logNo=222691908414,신상 <b>이디야</b>로 출동  오픈 후 부터 항상 주차장이 꽉꽉이여서 조만간 꼭 가봐야지 했는데 오늘 드디어 가봤어용 ~.~ ! 영업시간 : 매일 09:30~22:00 주차 약 20대 좌석 있음! '<b>이디야</b> 춘천포레스트점' 이름 그대로 숲... ,그대옆에 봄더하기,https://blog.naver.com/soyooniii,20220405
41,<b>이디야</b> 비니스트 오리지널 아메리카노 / 홈카페 / 블랙커피추천,https://blog.naver.com/lkm7491?Redirect=Log&logNo=222835312641,경올리 입니다 오늘은 내돈내산 <b>이디야</b> 비니스트 오리지널 아메리카노를 소개시켜 드릴려고 합니다. 저는 매일 아침 커피를 마시면서 하루를 시작해요! 여러 커피들도 즐겨 마시지만 오늘은 <b>이디야</b>... ,경상도 ALL 리뷰,https://blog.naver.com/lkm7491,20220731
42,딸과 아빠기다리기 <b>이디야</b> 크림샷라떼 배스킨라빈스 이브이,https://blog.naver.com/pabin?Redirect=Log&logNo=222761881977,"<b>이디야</b> 14일까지 수박주스, 토마토주스 무료 사이즈업이래요~ 뜨거운 음료 사러 간다고 혼자 떠난 엄마. 결국 아이스 들고 멋쩍어함 크림샷라떼가 눈에 자꾸 걸리길래... 사진이랑 참 다르다 느끼면서. 위에서... ",먹블로그,https://blog.naver.com/pabin,20220606
43,쉬다가기 좋은 홍대입구역 ‘<b>이디야</b>-서교동점’,https://blog.naver.com/mrkvnykov20?Redirect=Log&logNo=222836280944,이럴 줄 알았으면 한시간 더 운동 땡기고 오는건데ㅔㅔㅔ 무튼 그래서 아침에 헐레벌떡 나온다고 커피도 못 먹고 해서 커피 때리러 <b>이디야</b>에 왓다 그 곳은 공항버스 라인의 홍대입구역 인근에 있는 <b>이디야</b>... ,회사 몰래하는 블로그,https://blog.naver.com/mrkvnykov20,20220801
44,<b>이디야</b> 아이스크림 호떡 먹음,https://blog.naver.com/toy3655?Redirect=Log&logNo=222695108779,사실 이번주 내내 <b>이디야</b> 갔었다. 그냥 뭐... 질릴때까지 먹을게여^-^ 그 동안 다양한 걸 먹었지만 딱히... 해가 갈수록 더 카페인 찌끄래기가 돼가는 거 같다. 하여튼 <b>이디야</b> 아이스크림 호떡 먹었다고 자랑하는 글.,기튀뻥의 특별한 일상,https://blog.naver.com/toy3655,20220408
45,캐시워크 포인트로 <b>이디야</b> 커피 기프티콘 구입,https://blog.naver.com/cknrjh?Redirect=Log&logNo=222699788704,포인트로 #<b>이디야</b>커피 #기프티콘 구입 잊고 있었는데 사용 기한이 얼마 남지 않았다는 걸 어제저녁에야 생각나서 오늘 퇴근길 <b>이디야</b> 커피숍 들렀습니다 기다리는 동안 매장 둘러보기 왼쪽 텀블러 맘에... ,♬ 세 아들맘 블로그 ♬,https://blog.naver.com/cknrjh,20220413
46,<b>이디야</b> 블루베리 요거트 플랫치노 칼로리 후기!,https://blog.naver.com/maize210?Redirect=Log&logNo=222761187314,"저희 엄마는 넘 좋아해서 정말 신기한,,,⭐ <b>이디야</b> 블루베리 요거트 플랫치노는 정말 딱 마시자마자 블루베리 요거트 맛이 나더라구요ㅋㅋㅋㅋㅋㅋ 마시는 요플레느낌?! <b>이디야</b> 블루베리 요거트 스무디... ",살구블라썸,https://blog.naver.com/maize210,20220606
47,[서울카페] 논현동 <b>이디야</b>커피랩 -  <b>이디야</b>커피 본점 둘러보기,https://blog.naver.com/elqkdmffj?Redirect=Log&logNo=222718747691,학동역과 언주역 사이에 위치한 <b>이디야</b>커피가 표시된 건물입니다! 바로 이곳이 논현동 <b>이디야</b>커피 본점인 <b>이디야</b>커피랩 입니다! 대한커피만세 ㅋㅋ <b>이디야</b>의 비전 그동안 동네 어디를 가든 <b>이디야</b>커피가... ,ST CULTURE 세계 청춘이라는 무대에 서다,https://blog.naver.com/elqkdmffj,20220502
48,(학동/논현) <b>이디야</b> 커피랩 방문기 :),https://blog.naver.com/cocoro323?Redirect=Log&logNo=222683478797,"이날은 강남구청역에서 <b>이디야</b> 커피랩까지 걸어가봤는데, 바람이 불어서 조금 쌀쌀하더라구요~ 그래도 예년보다 따뜻한 편인가요? 이제 금방 여름 올 것 같네요ㅠㅠ <b>이디야</b> 커피랩은 지도상에는 학동역 아니면... ",새로움의 즐거움,https://blog.naver.com/cocoro323,20220326
49,"[6월 2주] <b>이디야</b>, 시리얼 요거트, 오디",https://blog.naver.com/starchew?Redirect=Log&logNo=222771155795,<b>이디야</b> 디카페인 콜드브루 라떼 이놈의 감기는 낫지를 않아서 다시 감기약을 먹고 있다. 양심상 이런 날에는 카페인 들은 커피 먹기가 그래서 디카페인 콜드브루 라떼를 사 왔다. 맛은 쏘쏘. 옆에 곁들인... ,Dolce far niente♥달콤한 게으름,https://blog.naver.com/starchew,20220613
50,부드러운 <b>이디야</b> 크림샷라떼,https://blog.naver.com/brightenedu?Redirect=Log&logNo=222694699957,"봄의 감미로움을 만끽할 수 있는 <b>이디야</b> 크림샷라떼가 새로 나왔다고 해서 식후에 디저트로... 그렇게 저는 <b>이디야</b> 크림샷라떼를 골랐고, 제 지인은 딸기가든 시리즈 중에 딸기라떼 레귤러를 주문했어요.... ",김원장의 탐구생활,https://blog.naver.com/brightenedu,20220407
51,<b>이디야</b> 주먹밥 먹어봤어요,https://blog.naver.com/yyuu9393?Redirect=Log&logNo=222694621441,<b>이디야</b> 주먹밥 먹어봤어요 안녕하세요 ㅎㅎㅎ 오늘은 <b>이디야</b> 주먹밥 후기를 들고왔습니닷 얼마 전에 <b>이디야</b> 주먹밥 광고물을 봐서 언제 한번 먹어봐야겠다~~했는데 살짝 배고프고 목이 말라서 먹게... ,즐거운 일상,https://blog.naver.com/yyuu9393,20220407
52,[하남 창우동]<b>이디야</b>커피 하남검단산점:내돈내산 포장후기,https://blog.naver.com/aplus2510?Redirect=Log&logNo=222834867296,<b>이디야</b>커피 하남검단산점 031-794-3093 매일 09:00 - 21:00 토일 08:00 오픈 <b>이디야</b>커피 하남검단산점 <b>이디야</b>커피 하남검단산점 <b>이디야</b>커피 하남검단산점 검단산 아래 있어서 라기보다 근처에 밥집들이 많이 있어서... ,쇼오옹의 우당탕탕 일상,https://blog.naver.com/aplus2510,20220730
53,<b>이디야</b>커피 - 콤부차 청포도 레몬/ 초코칩머핀,https://blog.naver.com/dksork03?Redirect=Log&logNo=222682729270,&lt;&lt; 오후에 들른 <b>이디야</b>커피. 매장 전면 유리에 포스터가 안 붙어있고 언뜻봤을때 가게가 어두워보여... 가족이 가장 좋아하는 메뉴라 이거 먹으러 <b>이디야</b>커피에 종종 온다. &lt;&lt; 결제는 캐시워크 포인트+청주페이... ,에너자이저를 등에 짊어지고 힘차게.,https://blog.naver.com/dksork03,20220325
54,<b>이디야</b> 시원주의보 발령! 빙수의 계절 커밍! (feat. 1인빙수... ,https://blog.naver.com/ediya-coffee?Redirect=Log&logNo=222718533270,<b>이디야</b>에서 엄청난 신메뉴를 출시 했거든요! 여러분은 여름! 하면 떠오르는 음식이 있나요? 좋아하는... <b>이디야</b>에서 새로운 빙수 메뉴를 출시했답니다! 입에서 사르르~ 오늘은 빙수 먹기 좋은 날 새로운 빙수를... ,이디야커피 공식 블로그,https://blog.naver.com/ediya-coffee,20220503
55,"[회기] 수아네일, <b>이디야</b>, 스타벅스 외",https://blog.naver.com/ploveqsujin?Redirect=Log&logNo=222719198212,찍어봄 ㅋㅋ 요새 책은 진짜 ㅠㅠ 거의 완독을 못하고 있다 ㅠㅠ 이 날은 지갑도 없이 급히 나갔던 날 ㅎ 요새 아주 <b>이디야</b>에 꿀 발라 놓음 ㅋㅋ 그래도 같이 간 쌤 덕분에 맛나게 먹었던 날임 ㅋㅋ 크로플이 그냥... ,「いつもありがとう」,https://blog.naver.com/ploveqsujin,20220519
56,<b>이디야</b> 메뉴 가격 아인슈페너 쿠키 청포도에이드 별내별가람역... ,https://blog.naver.com/minwoo932?Redirect=Log&logNo=222734748459,오랜만에 <b>이디야</b> 방문했습니다 예전이랑 <b>이디야</b> 메뉴 가격 비슷하긴 하지만 추가된 것들도 많고 시즌 음료나 디저트도 다양하더라구요 우선 가게도 적당히 넓고 테이블도 큼직하고 사람이 많지 않아서... ,미누킴N초로이의 유니크한 전국 맛집탐방,https://blog.naver.com/minwoo932,20220516
57,서면 본가밀면 <b>이디야</b> Yes24,https://blog.naver.com/xxzczxx?Redirect=Log&logNo=222838135479,빠르게 <b>이디야</b>로 이동. 와. 여기 겁나 커졌네..!! 예전에는 테이블 네개였는데 지금은 완전 커졌다. 사장님 돈 많이 버셨나 보다. ㅎㅎ 그래..그렇게 손님이 뜬임없이 갔었으니!!! 이제 직장인의 점심시간이... ,살고있는이야기,https://blog.naver.com/xxzczxx,20220803
58,<b>이디야</b> 디카페인 커피... 가격 (ft. 단미 x <b>이디야</b> 와플메이커 ),https://blog.naver.com/sharontable?Redirect=Log&logNo=222741078001,오랜만에 <b>이디야</b>에 방문했는데 <b>이디야</b>에도 디카페인 종류가 많아서 포스팅해봅니다. 하단에는 <b>이디야</b> 와플메이커 증정 이벤트 관련 내용도 추가했습니다. (단미 와플메이커) <b>이디야</b> 디카페인 커피 콜드브루... ,책먼지의 북치고 하모니카,https://blog.naver.com/sharontable,20220522
59,[<b>이디야</b> 신상 디저트] 쌍쌍츄로스 &amp; 초콜릿디핑소스,https://blog.naver.com/nicebina?Redirect=Log&logNo=222694892389,"귀여움 <b>이디야</b> 이런거 잘해 디저트 잘해 + <b>이디야</b> 초콜릿디핑소스 츄로스 2200원, 초코소스 500원 초코가 완전 쪼꼬미일것 같았는데 생각보다는 크군 꿀복숭아 플랫치노 이것도 마시찌 <b>이디야</b> 최애 음료... ",Do whatever you want.,https://blog.naver.com/nicebina,20220408
60,여수 순천 가는길 주삼동 신상카페 <b>이디야</b> 특화매장,https://blog.naver.com/jhsmart?Redirect=Log&logNo=222836798527,이번에 여수에서 순천가는길 주삼동쪽에 <b>이디야</b>가 생겨서 갔다왔어요. 요새 핫한 망향국수 바로 옆에 있어요. 여수 주삼동 <b>이디야</b> 월.화.수.목.금 08:30~21:00 토.일 09:00 ~21:00 아침 이른시간에 오픈하는 <b>이디야</b>... ,횬이의 Tasty Road,https://blog.naver.com/jhsmart,20220801
61,키다리방방.투썸애플망고.산책.<b>이디야</b>빙수.당진엄마일상,https://blog.naver.com/happyyunhye?Redirect=Log&logNo=222806706259,산책 #<b>이디야</b>인절미팥빙수 #9살딸 #당짐엄마일상 #20220708. 금요일 사랑하는 딸 림아♡ 오늘은 엄마 회사... 걷고^^ <b>이디야</b> #인절미팥빙수 같이 먹으니 맛있당 저녁은 한살림에서 구입한 삼겹살.소세지에 아빠가... ,"서로 아끼며, 사랑하며 ♡",https://blog.naver.com/happyyunhye,20220710
62,<b>이디야</b> 딸기피치요거놀라&amp;망고패션요거놀라1인빙수 가격... ,https://blog.naver.com/lnk2721?Redirect=Log&logNo=222719376605,<b>이디야</b> 신메뉴 딸기피치요거놀라1인빙수 망고패션요거놀라1인빙수 여름을 맞이하여 <b>이디야</b>에서 다양한 빙수가 출시되었는데요. 혼자 먹기 딱 좋은 사이즈인 딸기피치요거놀라1인빙수와... ,Leisera의 육아&일상 리뷰♡,https://blog.naver.com/lnk2721,20220503
63,[교대역 카페] <b>이디야</b> 서울교대점 / <b>이디야</b> 치고는 꽤 크다.,https://blog.naver.com/k900804?Redirect=Log&logNo=222836979943,"카페 <b>이디야</b>에 갔다. 한때 자주 왔던 곳인데, 이번에는 좀 오랜만에 왔다. 교대역 카페라고 썼지만 교대역에서는 조금 거리가 있다. 14번 출구에서 나와서 한 10분 정도 걸어야 하는 거리. 그래도 <b>이디야</b>라서... ",츄니오빠의 카페&맛집 LIFE,https://blog.naver.com/k900804,20220802
64,<b>이디야</b>커피 신메뉴 달고나믹스치노&amp;모카칩믹스치노 후기,https://blog.naver.com/be2141st?Redirect=Log&logNo=222712281292,"<b>이디야</b>커피 신메뉴 달고나믹스치노&amp;모카칩믹스치노 후기 요즘 날씨가 너무 좋아서 산책하기 정말 좋더라고요. 오래간만에 친구 만나서 수다 떨면서 걷고 있는데, <b>이디야</b>커피 매장이 새로 오픈한 걸 보고... ",초록스토리,https://blog.naver.com/be2141st,20220427
65,Blue on Ediya/<b>이디야</b>/톤28/커피스크럽바디kit/지구의날... ,https://blog.naver.com/ah1974?Redirect=Log&logNo=222721684592,<b>이디야</b>×Toun28이 함께 만든 커피 스크럽 바디kit를 오늘 받았어요. 카페에서 발생하는 일회용 컵과... 텀블러 덕분에 톤28제품을 사용할 수 있게 되어 넘 좋아요^^ 지구의 날을 맞아 #<b>이디야</b>와 #톤28이 함께 만든... ,오늘도 행복한 하루,https://blog.naver.com/ah1974,20220505
66,"주말의 홈 카페, 네스프레소 호환 커피 캡슐, <b>이디야</b> 캡슐커피의... ",https://blog.naver.com/mbaek65960?Redirect=Log&logNo=222759080386,"네스프레소 시티즈로 <b>이디야</b>의 캡슐 커피 맛을 즐기다. 페르소나 블렌드, 에티오피아 리모 그리고 콜롬비아 슈프리모 주말 홈 카페. <b>이디야</b>에서도 요즘 네스프레소 호환 커피캡슐이 출시되어 시중에서 쉽게... ",Let&apos;s be happy,https://blog.naver.com/mbaek65960,20220604
67,(논현역카페/학동역카페) <b>이디야</b>커피랩,https://blog.naver.com/dlrltmfr365?Redirect=Log&logNo=222690647735,집에 가기 전에 디저트 좀 사가지고 가려고 주변에 맛있는 디저트뭐가 있나 찾아보다가 <b>이디야</b>커피랩이라는 곳이 있더라구요. 기존 <b>이디야</b>와는 뭐가 다른건지 궁금해서 한번 가보았습니다!!! <b>이디야</b>커피랩 02... ,"슭슭,눌눌한 공간♡",https://blog.naver.com/dlrltmfr365,20220403
68,<b>이디야</b> X 톤28 커피스크럽 바디바 KIT 받아보세요~!,https://blog.naver.com/hwanghwoo?Redirect=Log&logNo=222686226589,"커피브랜드 <b>이디야</b>커피와 비건 화장품 브랜드 톤28이 콜라보하여 탄생한 커피 스크럽 바디바 KIT랍니다. 최근 환경문제가 점점 더 심각해지면서 <b>이디야</b>커피는 일회용 컵의 사용을 자제하고, 개인컵 사용을 좀... ",뷰티패션블로거 귀톨이,https://blog.naver.com/hwanghwoo,20220329
69,<b>이디야</b> 크림샷라떼,https://blog.naver.com/yunji0203?Redirect=Log&logNo=222691794681,"모닝커피는 <b>이디야</b>에서 픽업 연유 콜드브루 좋아한다기에 2잔 하려다가 새로나온 크림샷 라떼 맛나보여서 같이 주문 테이크 아웃인데 궁금해서 사진 찍어보기 크림샷라떼, 연유콜드브루 <b>이디야</b> 오더로 주문하면... ",당신이 왜 날 사랑하지 않겠어,https://blog.naver.com/yunji0203,20220406
70,"<b>이디야</b> 메뉴 / 토피넛라떼, 크로플",https://blog.naver.com/phjsunflower?Redirect=Log&logNo=222654675899,<b>이디야</b> 메뉴 / 토피넛라떼 크로플 가끔 그분과 함께 간단하게 식사를 하고 디저트를 먹으러 간다. 밥을 먹고 난 후 동네 한바퀴 돌다가 디저트 먹자고 해서 들어간 곳은 <b>이디야</b> 가격도 저렴하면서도 여러가지... ,꽃씨의 맛집 이야기♬,https://blog.naver.com/phjsunflower,20220417
71,<b>이디야</b> 1인용 빙수,https://blog.naver.com/iangela74?Redirect=Log&logNo=222821301409,얼마 전 동생이 <b>이디야</b>에서 파는 1인용 빙수를 산다고 한다. 함께 따라가서 1인용 빙수를 주문하고 기다렸는데 직원분이 어찌나 정성을 들여 담아주시는지 집에 와서 먹는 내내 입안이 즐거웠다. <b>이디야</b>에서... ,사진 한조각의 추억,https://blog.naver.com/iangela74,20220720
72,천안 성환역 카페  <b>이디야</b>커피 천안성환점,https://blog.naver.com/yangklee?Redirect=Log&logNo=222803897124,들어간 <b>이디야</b>커피 에어컨이 시원한 카페에서 따끈한 아메리카노 와 카푸치노 한잔하며 더위를 식힌다 직원도 친절하고 커피도 맛있다 성환역은 나의 해방일지에 나오는 당미역이다 당미역 투어후 <b>이디야</b>커... ,lets T R A V E L,https://blog.naver.com/yangklee,20220707
73,- 함께 건강·상식 퀴즈 풀고 [<b>이디야</b>] 제주청귤블라썸 받아... ,https://blog.naver.com/happy_snubh?Redirect=Log&logNo=222659845390,3월 웹진 퀴즈 이벤트 선물은 봄철 춘곤증을 상큼하게 날려버리는데 도움이 될 [<b>이디야</b>] 제주청귤블라썸 입니다. [<b>이디야</b>] 제주청귤블라썸 분당서울대학교병원에서 매달 말일 발송되는 웹진을 읽고 퀴즈의... ,분당서울대학교병원 공식블로그,https://blog.naver.com/happy_snubh,20220228
74,<b>이디야</b>커피 대구카페 카페라떼 아이스,https://blog.naver.com/zmfflrql8729?Redirect=Log&logNo=222666505835,#<b>이디야</b>커피 #카페라떼 #대구카페 안녕하세요 여러분~~~~!!!! 오늘은 오랜만에 노브랜드에서 산... 나갔다가 <b>이디야</b>커피에서 아이스 카페라떼를 사서 사진을 한번 찍어보았습니다. ㅎㅎㅎ 그러고보니... ,♥샤넬의 잡동사니 블로그♥,https://blog.naver.com/zmfflrql8729,20220307
75,<b>이디야</b>커피 - 콤부차 복숭아망고/ 복숭아아이스티/ 프레즐,https://blog.naver.com/dksork03?Redirect=Log&logNo=222688158196,&lt;&lt; 용정동에 있는 <b>이디야</b>커피를 다녀왔다. 캐시워크앱에서 받은 캐쉬로 음료쿠폰을 구입했기때문에 얼른 사용해주기로 했다. &lt;&lt; <b>이디야</b> 콤부차 복숭아망고 3500원 테이크아웃도 얼음컵이 제공 된다고 하는데... ,에너자이저를 등에 짊어지고 힘차게.,https://blog.naver.com/dksork03,20220331
76,논현동 카페 <b>이디야</b>커피랩,https://blog.naver.com/hellenpark1?Redirect=Log&logNo=222815609186,영업시간: 매일 아침 7:30~새벽 2시 발렛파킹 가능 <b>이디야</b> 중에 최고 고급 <b>이디야</b> <b>이디야</b>커피랩 다녀왔다 위치는 학동역과 언주역 사이 <b>이디야</b> 본사 밑에 있는거라고 알고있음.. 여기 단골언니와 함께... ,Chez Marie-Hélène,https://blog.naver.com/hellenpark1,20220717
77,남양주 한강뷰 팔당 <b>이디야</b> 커피 메뉴 가격,https://blog.naver.com/faori2?Redirect=Log&logNo=222688480886,남양주 한강뷰 팔당 <b>이디야</b> 커피 메뉴 가격 주문은 키오스크로 한다 팔당 한강라인을 지나는 길 커피 한잔 테이크아웃하거나 한강뷰 보며 잠깐 앉아 있기에 가장 가벼운 카페는 <b>이디야</b>일 거다. 일대에... ,주간식후감,https://blog.naver.com/faori2,20220401
78,춘천 <b>이디야</b>포레스트점,https://blog.naver.com/siyoung042?Redirect=Log&logNo=222838157798,"<b>이디야</b> 커피 홍보는 아닙니다만 춘천 <b>이디야</b>포레스트점은 가볼만 하네요 함석은 예전 7~80년대에는 흔한 건축 외장재로 담이나 외벽, 그리고 지붕용등 다양하게 쓰였으나 아파트문화와 슬라브가 일반화되면서... ",비즈곰의 생각뽀개기,https://blog.naver.com/siyoung042,20220803
79,<b>이디야</b> 알바일지 &lt;달고나 믹스치노&gt;,https://blog.naver.com/changhyun86?Redirect=Log&logNo=222706283318,"얼마전 나온 <b>이디야</b> 신메뉴들, 여름사냥이라는 슬로건으로 나온 음료들이 있다. 지난번에 믹스라떼를... 휘핑 위에 꽂힌 <b>이디야</b> 커피믹스 라고 쓰여진 것은 초콜릿이다. 먹어도 되는 것이다. 초콜릿에 저런... ",창돌이의 생각노트,https://blog.naver.com/changhyun86,20220420
80,신환사거리 카페 추천 <b>이디야</b> 오더 테이크아웃 주문 포장하기... ,https://blog.naver.com/benya_ispin?Redirect=Log&logNo=222688711150,스타벅스의 사이렌오더처럼 <b>이디야</b>에도 <b>이디야</b>오더가 있습니다 ㅋㅋㅋㅋㅋ <b>이디야</b> 오더 1개만 주문했어요 비오는날 테이크아웃.. 크흡ㅋㅋㅋ 아무튼 <b>이디야</b>는 종이로 된거에 담아주네요 크레프트지와... ,오냥냥,https://blog.naver.com/benya_ispin,20220422
81,<b>이디야</b> 북한강점 아이와 가볼만한 무료키즈카페(ft.강뷰테라스),https://blog.naver.com/ddaomingsuk?Redirect=Log&logNo=222719015981,아이와 가기 좋은 남양주 카페 <b>이디야</b>커피 북한강점 항상 아이와 함께 다니다 보니 어디를 가든지... <b>이디야</b>커피 북한강점인데 카페 건물은 북한강뷰가 아니었지만 뷰좋은 자체 테라스석을 보유하고 있어서... ,행복한 인생 신나게❤,https://blog.naver.com/ddaomingsuk,20220503
82,<b>이디야</b> 메뉴추천 아인슈페너 달달함과 고소함이 매력적이야~,https://blog.naver.com/7812woor?Redirect=Log&logNo=222695101383,<b>이디야</b> 메뉴추천 아인슈페너 달달함과 고소함이 매력적이야~ 안녕하세요 :) 잇님들은 주로 어느 카페를 이용하시나요? 저는 개인적으로 <b>이디야</b>를 참 좋아라해용 왜냐면 원두맛도 고소해서 제 스타일이고!... ,Pit a pat ෆ,https://blog.naver.com/7812woor,20220408
83,"<b>이디야</b> 창업비용과 인천, 성남 인수추천",https://blog.naver.com/jknew1?Redirect=Log&logNo=222686234128,"<b>이디야</b> 창업비용과 인천, 성남 인수추천 저가커피가 난립하고 있는 프랜차이즈 시장이지만, 창업자분들에게 우선 순위로 검토되고 있는 브랜드가 <b>이디야</b>커피 인데요. 예전만큼의 압도적인 성장세를 보이고... ",세상사는 이야기,https://blog.naver.com/jknew1,20220329
84,<b>이디야</b> 커피 대관령점,https://blog.naver.com/curiepark?Redirect=Log&logNo=222835228147,#대관령 #양떼목장 #삼양목장 #<b>이디야</b>커피 #콜드브루맛집 #내돈내산 #TAKEOUT 안녕하세요 MZ세대귤... 강원도는 친척집이라서 가끔 가족여행으로 방문하는 곳 <b>이디야</b>커피 대관령점 강원도 평창군 대관령면... ,MZ세대 슬기로운 daily,https://blog.naver.com/curiepark,20220731
85,"수박주스 비교, 빽다방 vs <b>이디야</b> vs 메가커피",https://blog.naver.com/skfk0242?Redirect=Log&logNo=222816056748,"#수박주스비교 #빽다방수박주스 #<b>이디야</b>수박주스 #메가커피수박주스 여러분 꼼하 푸드... 빽다방 수박주스와 <b>이디야</b>,메가커피까지 수박주스 옴뇽뇸한 내돈내산 수박주스 비교 찐리뷰 보고... ",새꼼슐랭가이드,https://blog.naver.com/skfk0242,20220718
86,[<b>이디야</b>커피] 딸기피치 요거놀라 1인빙수 - 은근 호불호 있을 맛,https://blog.naver.com/pegnos33?Redirect=Log&logNo=222760434614,<b>이디야</b>커피 딸기피치 요거놀라 1인빙수. 이렇게 딱 들어있었다. 이름 그대로를 느낄 수 있다. 빨강빨강한 건 딸기+피치(복숭아)고 그래놀라가 올라갔고 요거트 얼음이 들었다. 작다. 미리 찾아보고 가서 전혀... ,EuphoPia,https://blog.naver.com/pegnos33,20220605
87,<b>이디야</b> 메뉴 츄러스와 디카페인 아메리카노 (가격),https://blog.naver.com/love2dong?Redirect=Log&logNo=222685160362,"<b>이디야</b> 메뉴 츄러스와 디카페인 아메리카노 (가격) 영업시간: 매일 8시-23시 전화번호: 02-371-2701 주차공간 있음 (건물 뒤 편) 어제 주일저녁엔 <b>이디야</b>에 들렸어요. 오랫만에 들려봤는데, 예전의 추억들이... ",오늘도 Sweet 하게❤,https://blog.naver.com/love2dong,20220328
88,<b>이디야</b> 커피 X 미르 핸들 텀블러 16oz 473ml,https://blog.naver.com/ja92280432?Redirect=Log&logNo=222668702541,#<b>이디야</b> #미르텀블러 <b>이디야</b>에서 미르와 함게 출시한 텀블러 ! 나온지 한달도 안된 신상입니다 갑자기 튀어나온 스타벅스 로이. <b>이디야</b>에 기존에 있던 빨대를 꼽을 수 있는 텀블러는 아무래도... ,주인 : 두리,https://blog.naver.com/ja92280432,20220310
89,제철 과일 즐기기 (feat. <b>이디야</b> 생과일 토마토주스 &amp; 수박주스),https://blog.naver.com/ediya-coffee?Redirect=Log&logNo=222745655054,오늘의 주인공은 바로 <b>이디야</b>에서 새로 출시한 신상! 생과일 주스가 되시겠습니다. 싱그러움을 가득... 이런 여름의 싱그러움을 가득 담아 <b>이디야</b>에서 생과일주스를 선보였답니다. 여름 제철 과일인 토마토와... ,이디야커피 공식 블로그,https://blog.naver.com/ediya-coffee,20220526
90,<b>이디야</b> 신메뉴 크림샷라떼 마셔봤어요. 스노우쿠키슈도 굿!,https://blog.naver.com/catseyesung?Redirect=Log&logNo=222696721528,"<b>이디야</b> 신메뉴 크림샷라떼 마셔봤어요. 스노우쿠키슈도 굿! 오랜만에 #<b>이디야</b>신메뉴 를 마셔보네요. 지난번 신메뉴는 딸기딸기한지라, 딸기를 좋아하지 않는 저는 그다지 끌리는 메뉴가 없더라고요. <b>이디야</b>뿐... ",달꿈이의 Blessed Life,https://blog.naver.com/catseyesung,20220410
91,<b>이디야</b> 달고나믹스치노&amp;모카칩믹스치노 가격/칼로리/리뷰,https://blog.naver.com/lnk2721?Redirect=Log&logNo=222700417803,"<b>이디야</b> 신메뉴 달고나믹스치노 모카칩믹스치노 <b>이디야</b>에서 여름과 어울리는 신메뉴 4종을 출시했는데요. 달고나믹스치노, 모카칩믹스치노, 믹스라떼, 버블믹스라떼입니다. 달고나믹스치노와... ",Leisera의 육아&일상 리뷰♡,https://blog.naver.com/lnk2721,20220414
92,<b>이디야</b> 신메뉴 모카칩 믹스치노 달달하다. 밀크레이프... ,https://blog.naver.com/catseyesung?Redirect=Log&logNo=222719497577,<b>이디야</b> 신메뉴 모카칩 믹스치노 달달하다. 밀크레이프 케이크까지 꿀맛! 얼마 전 #<b>이디야</b> 에서 신메뉴인 크림샷라떼를 보고 어? 신메뉴가 나왔네? 하고 배달주문을 했더랬다. 그리고 며칠 뒤보니... 또... ,달꿈이의 Blessed Life,https://blog.naver.com/catseyesung,20220503
93,소비기록/ 가성비 좋은 #<b>이디야</b> #캡슐커피머신,https://blog.naver.com/charming_s?Redirect=Log&logNo=222670988743,<b>이디야</b> 커피랩 캡슐커피머신 가성비 좋은 홈카페 open 동생이 커피머신 사고 싶다했는데 마침 톡딜에... <b>이디야</b>캐릭터가 호랑이인가? 나도 갖구싶당... 놓을때가 마땅찮아 전자렌지 위에 놓았다구 한다... ,매일 메리 크리스마스,https://blog.naver.com/charming_s,20220313
94,고운동 <b>이디야</b>커피,https://blog.naver.com/96119377?Redirect=Log&logNo=222837734366,세종시 고운동 힐데스하임1단지 상가에 위치한 <b>이디야</b>커피 저녁먹고 산책겸 나왔다가 1인빙수 먹으러... 토핑 오독오독 맛있어요 <b>이디야</b> -메뉴 크기에 당황했으나 작지만 알차요! 또 사먹을 거에요... ,노노노와 함께하는 이야기,https://blog.naver.com/96119377,20220802
95,<b>이디야</b>커피 양도양수시 비용은 얼마나들까???(남양주 매물),https://blog.naver.com/rlawlsgh0417?Redirect=Log&logNo=222838620565,"오늘은 <b>이디야</b> 커피를 준비해 드립니다. 여러운 시기를 잘 극복하고, 2022년 다시 한번 도약하는 <b>이디야</b>커피창업 !!! 떨어졌던 매출이 2022년에 들어서 정상화 되고, 장사들이 잘되고 있는 <b>이디야</b>커피 입니다.... ",이상한 창업,https://blog.naver.com/rlawlsgh0417,20220803
96,상인동 <b>이디야</b>커피 대구월곡점 오픈!,https://blog.naver.com/u_u0309o_o?Redirect=Log&logNo=222691209097,내가 앉은 자리는 테이블이 자석이라 아이패드를 눕히니까 딱붙여버려서 1초 당황 기존 <b>이디야</b>를... 역시 카페든 뭐든 일단 가까워야 좋은듯. #상인동카페 #<b>이디야</b>커피 #<b>이디야</b>대구월곡점,블루레몬에이드,https://blog.naver.com/u_u0309o_o,20220404
97,용기내 챌린지 #94 <b>이디야</b>에서 텀블러 사용하기,https://blog.naver.com/tnwl1445?Redirect=Log&logNo=222697092766,오늘의 포스팅은 94번째 용기내 챌린지는 <b>이디야</b>에서 텀블러 사용을 해보았습니다! <b>이디야</b> 부산괘법동점 부산광역시 사상구 사상로 239 동원약국 방문 일시 : 2021.09.04 메뉴 정보 아이스 아메리카노 텀블러... ,수블린블로그,https://blog.naver.com/tnwl1445,20220422
98,"맛집 추천 구봉산 탑플레이스, 감자밭 감자빵. 소양댐 <b>이디야</b>커피.",https://blog.naver.com/kangoo77?Redirect=Log&logNo=222769059820,소양강댐을 보고 근처 <b>이디야</b>커피로 갔어요. 간단하게 음료마시고 뒷뜰에 소박한 정원을 둘러봅니다. 늙었는지 꽃사진을 만장 찍습니다 ㅎㅎㅎ 오늘 점심부터 저녁까지 쉬지않고 먹었어요. 잘막고 잘놀다... ,맘스쏘잉,https://blog.naver.com/kangoo77,20220611
99,<b>이디야</b> 주먹밥 전자레인지에 제대로 돌리지 않아 불합격,https://blog.naver.com/ohmok9531?Redirect=Log&logNo=222686308065,<b>이디야</b> 주먹밥 전자레인지에 제대로 돌리지 않아 불합격 <b>이디야</b>에 주먹밥을 판다는 사실을 처음 알았습니다. 커피만 마시려고 했는데 배가 고파서 호기심에 얻어먹게 된 주먹밥 결과는 실망입니다. 우선 <b>이디야</b>... ,오목의 체험공간,https://blog.naver.com/ohmok9531,20220330
